ancestry	model	direction_class	source	source_label	term_id	term_name	adjusted_p_value	negative_log10_adjP	term_size	query_size	intersection_size	effective_domain_size	intersection_genes_compact	broad_category	source_file
EAS	EAS_4TRAIT	all_mapped_genes	GO:MF	GO molecular function	GO:0004415	hyalurononglucosaminidase activity	0.004817372742938979	2.31718974897	8	109	3	20208	HYAL1;HYAL2;HYAL3	GO_Molecular_Function	gProfiler_EAS_PLEIO_4trait_allgenes_intersections.csv
EAS	EAS_4TRAIT	all_mapped_genes	KEGG	KEGG pathway	KEGG:00531	Glycosaminoglycan degradation	0.010554814527398326	1.97654939385	19	47	3	8716	HYAL1;HYAL2;HYAL3	Pathway	gProfiler_EAS_PLEIO_4trait_allgenes_intersections.csv
EAS	EAS_4TRAIT	all_mapped_genes	GO:MF	GO molecular function	GO:0033906	hyaluronoglucuronidase activity	0.016568219152915658	1.78072416953	2	109	2	20208	HYAL2;HYAL3	GO_Molecular_Function	gProfiler_EAS_PLEIO_4trait_allgenes_intersections.csv
EAS	EAS_4TRAIT	all_mapped_genes	REAC	Reactome	REAC:R-HSA-2160916	Hyaluronan degradation	0.02100700281061303	1.67763590645	12	68	3	11056	HYAL1;HYAL2;HYAL3	Pathway	gProfiler_EAS_PLEIO_4trait_allgenes_intersections.csv
EAS	EAS_4TRAIT	all_mapped_genes	HPA	Human Protein Atlas	HPA:0020023	Adrenal gland; cells in zona fasciculata[High]	0.04659890495989183	1.33162428879	17	75	3	11007	AS3MT;CYP17A1;SOAT1	HPA	gProfiler_EAS_PLEIO_4trait_allgenes_intersections.csv
EAS	EAS_4TRAIT	all_mapped_genes	HPA	Human Protein Atlas	HPA:0020043	Adrenal gland; cells in zona reticularis[High]	0.04659890495989183	1.33162428879	17	75	3	11007	AS3MT;CYP17A1;SOAT1	HPA	gProfiler_EAS_PLEIO_4trait_allgenes_intersections.csv
EAS	EAS_4TRAIT	all_mapped_genes	GO:MF	GO molecular function	GO:0015929	hexosaminidase activity	0.046680885349886674	1.33086091572	16	109	3	20208	HYAL1;HYAL2;HYAL3	GO_Molecular_Function	gProfiler_EAS_PLEIO_4trait_allgenes_intersections.csv
EAS	EAS_MDD_EA_CF	all_mapped_genes	GO:MF	GO molecular function	GO:0003700	DNA-binding transcription factor activity	0.00025317144244638515	3.59658528399	1395	22	10	20208	PGBD1;ZKSCAN3;ZKSCAN4;ZKSCAN8;ZNF165;ZSCAN12;ZSCAN16;ZSCAN23;ZSCAN31;ZSCAN9	GO_Molecular_Function	gProfiler_EAS_PLEIO_3traitMDD_allgenes__intersections.csv
EAS	EAS_MDD_EA_CF	all_mapped_genes	GO:MF	GO molecular function	GO:0000978	RNA polymerase II cis-regulatory region sequence-specific DNA binding	0.00039065643395255013	3.40820501864	1105	22	9	20208	ZKSCAN3;ZKSCAN4;ZKSCAN8;ZNF165;ZSCAN12;ZSCAN16;ZSCAN23;ZSCAN31;ZSCAN9	GO_Molecular_Function	gProfiler_EAS_PLEIO_3traitMDD_allgenes__intersections.csv
EAS	EAS_MDD_EA_CF	all_mapped_genes	GO:MF	GO molecular function	GO:0000987	cis-regulatory region sequence-specific DNA binding	0.00047444950120827307	3.3238100056	1131	22	9	20208	ZKSCAN3;ZKSCAN4;ZKSCAN8;ZNF165;ZSCAN12;ZSCAN16;ZSCAN23;ZSCAN31;ZSCAN9	GO_Molecular_Function	gProfiler_EAS_PLEIO_3traitMDD_allgenes__intersections.csv
EAS	EAS_MDD_EA_CF	all_mapped_genes	GO:MF	GO molecular function	GO:0043565	sequence-specific DNA binding	0.0009158874350425345	3.03815789898	1605	22	10	20208	PGBD1;ZKSCAN3;ZKSCAN4;ZKSCAN8;ZNF165;ZSCAN12;ZSCAN16;ZSCAN23;ZSCAN31;ZSCAN9	GO_Molecular_Function	gProfiler_EAS_PLEIO_3traitMDD_allgenes__intersections.csv
EAS	EAS_MDD_EA_CF	all_mapped_genes	GO:MF	GO molecular function	GO:0003677	DNA binding	0.0010255924324797758	2.98902519233	2540	22	12	20208	HIST1H2AK;HIST1H4L;PGBD1;ZKSCAN3;ZKSCAN4;ZKSCAN8;ZNF165;ZSCAN12;ZSCAN16;ZSCAN23;ZSCAN31;ZSCAN9	GO_Molecular_Function	gProfiler_EAS_PLEIO_3traitMDD_allgenes__intersections.csv
EAS	EAS_MDD_EA_CF	all_mapped_genes	GO:MF	GO molecular function	GO:0000981	DNA-binding transcription factor activity, RNA polymerase II-specific	0.0015936377549071034	2.79761038992	1309	22	9	20208	ZKSCAN3;ZKSCAN4;ZKSCAN8;ZNF165;ZSCAN12;ZSCAN16;ZSCAN23;ZSCAN31;ZSCAN9	GO_Molecular_Function	gProfiler_EAS_PLEIO_3traitMDD_allgenes__intersections.csv
EAS	EAS_MDD_EA_CF	all_mapped_genes	GO:MF	GO molecular function	GO:0000977	RNA polymerase II transcription regulatory region sequence-specific DNA binding	0.0016036837340712004	2.79488127576	1310	22	9	20208	ZKSCAN3;ZKSCAN4;ZKSCAN8;ZNF165;ZSCAN12;ZSCAN16;ZSCAN23;ZSCAN31;ZSCAN9	GO_Molecular_Function	gProfiler_EAS_PLEIO_3traitMDD_allgenes__intersections.csv
EAS	EAS_MDD_EA_CF	all_mapped_genes	HPA	Human Protein Atlas	HPA:0160251	Endometrium 1; cells in endometrial stroma[≥Low]	0.0023070785733027067	2.63693761425	4079	11	11	11007	HIST1H2AK;HIST1H4L;NMT1;PLCD3;TANK;ZKSCAN3;ZKSCAN4;ZKSCAN8;ZSCAN12;ZSCAN16;ZSCAN31	HPA	gProfiler_EAS_PLEIO_3traitMDD_allgenes__intersections.csv
EAS	EAS_MDD_EA_CF	all_mapped_genes	GO:MF	GO molecular function	GO:0000976	transcription cis-regulatory region binding	0.0029818826991811122	2.52550944475	1413	22	9	20208	ZKSCAN3;ZKSCAN4;ZKSCAN8;ZNF165;ZSCAN12;ZSCAN16;ZSCAN23;ZSCAN31;ZSCAN9	GO_Molecular_Function	gProfiler_EAS_PLEIO_3traitMDD_allgenes__intersections.csv
EAS	EAS_MDD_EA_CF	all_mapped_genes	GO:MF	GO molecular function	GO:0001067	transcription regulatory region nucleic acid binding	0.0029991463504547935	2.52300234129	1414	22	9	20208	ZKSCAN3;ZKSCAN4;ZKSCAN8;ZNF165;ZSCAN12;ZSCAN16;ZSCAN23;ZSCAN31;ZSCAN9	GO_Molecular_Function	gProfiler_EAS_PLEIO_3traitMDD_allgenes__intersections.csv
EAS	EAS_MDD_EA_CF	all_mapped_genes	HPA	Human Protein Atlas	HPA:0250132	Hippocampus; neuronal cells[≥Medium]	0.003398350528621968	2.46873182712	4225	11	11	11007	HIST1H2AK;HIST1H4L;NMT1;PLCD3;TANK;ZKSCAN3;ZKSCAN4;ZKSCAN8;ZSCAN12;ZSCAN16;ZSCAN31	HPA	gProfiler_EAS_PLEIO_3traitMDD_allgenes__intersections.csv
EAS	EAS_MDD_EA_CF	all_mapped_genes	GO:MF	GO molecular function	GO:0140110	transcription regulator activity	0.004328371148244053	2.36367550651	1907	22	10	20208	PGBD1;ZKSCAN3;ZKSCAN4;ZKSCAN8;ZNF165;ZSCAN12;ZSCAN16;ZSCAN23;ZSCAN31;ZSCAN9	GO_Molecular_Function	gProfiler_EAS_PLEIO_3traitMDD_allgenes__intersections.csv
EAS	EAS_MDD_EA_CF	all_mapped_genes	GO:MF	GO molecular function	GO:1990837	sequence-specific double-stranded DNA binding	0.004517013429029962	2.34514861828	1487	22	9	20208	ZKSCAN3;ZKSCAN4;ZKSCAN8;ZNF165;ZSCAN12;ZSCAN16;ZSCAN23;ZSCAN31;ZSCAN9	GO_Molecular_Function	gProfiler_EAS_PLEIO_3traitMDD_allgenes__intersections.csv
EAS	EAS_MDD_EA_CF	all_mapped_genes	GO:MF	GO molecular function	GO:0003690	double-stranded DNA binding	0.007526097308117931	2.1234301708	1584	22	9	20208	ZKSCAN3;ZKSCAN4;ZKSCAN8;ZNF165;ZSCAN12;ZSCAN16;ZSCAN23;ZSCAN31;ZSCAN9	GO_Molecular_Function	gProfiler_EAS_PLEIO_3traitMDD_allgenes__intersections.csv
EAS	EAS_MDD_EA_CF	all_mapped_genes	HPA	Human Protein Atlas	HPA:0210052	Fallopian tube; glandular cells[≥Medium]	0.009788197126321774	2.00929729289	4651	11	11	11007	HIST1H2AK;HIST1H4L;NMT1;PLCD3;TANK;ZKSCAN3;ZKSCAN4;ZKSCAN8;ZSCAN12;ZSCAN16;ZSCAN31	HPA	gProfiler_EAS_PLEIO_3traitMDD_allgenes__intersections.csv
EAS	EAS_MDD_EA_CF	all_mapped_genes	HPA	Human Protein Atlas	HPA:0380523	Placenta; trophoblastic cells[High]	0.011429930741043356	1.94195640118	1933	11	8	11007	HIST1H2AK;HIST1H4L;NMT1;ZKSCAN3;ZKSCAN4;ZKSCAN8;ZSCAN16;ZSCAN31	HPA	gProfiler_EAS_PLEIO_3traitMDD_allgenes__intersections.csv
EAS	EAS_MDD_EA_CF	all_mapped_genes	HPA	Human Protein Atlas	HPA:0300413	Lung; macrophages[High]	0.012430662997532572	1.90550570736	1373	11	7	11007	HIST1H2AK;HIST1H4L;TANK;ZKSCAN3;ZKSCAN4;ZSCAN16;ZSCAN31	HPA	gProfiler_EAS_PLEIO_3traitMDD_allgenes__intersections.csv
EAS	EAS_MDD_EA_CF	all_mapped_genes	GO:MF	GO molecular function	GO:0008270	zinc ion binding	0.013427386134587459	1.87200852179	2168	22	10	20208	TANK;ZKSCAN3;ZKSCAN4;ZKSCAN8;ZNF165;ZSCAN12;ZSCAN16;ZSCAN23;ZSCAN31;ZSCAN9	GO_Molecular_Function	gProfiler_EAS_PLEIO_3traitMDD_allgenes__intersections.csv
EAS	EAS_MDD_EA_CF	all_mapped_genes	HPA	Human Protein Atlas	HPA:0630222	Cervix; squamous epithelial cells[≥Medium]	0.01924893898241367	1.71559320417	3727	11	10	11007	HIST1H2AK;HIST1H4L;NMT1;PLCD3;TANK;ZKSCAN3;ZKSCAN4;ZKSCAN8;ZSCAN12;ZSCAN16	HPA	gProfiler_EAS_PLEIO_3traitMDD_allgenes__intersections.csv
EAS	EAS_MDD_EA_CF	all_mapped_genes	HPA	Human Protein Atlas	HPA:0100132	Cerebral cortex; neuronal cells[≥Medium]	0.020960178608845446	1.6786050209	4984	11	11	11007	HIST1H2AK;HIST1H4L;NMT1;PLCD3;TANK;ZKSCAN3;ZKSCAN4;ZKSCAN8;ZSCAN12;ZSCAN16;ZSCAN31	HPA	gProfiler_EAS_PLEIO_3traitMDD_allgenes__intersections.csv
EAS	EAS_MDD_EA_CF	all_mapped_genes	HPA	Human Protein Atlas	HPA:0440342	Skeletal muscle; myocytes[≥Medium]	0.022199438176965094	1.65365801653	3783	11	10	11007	HIST1H2AK;HIST1H4L;NMT1;PLCD3;TANK;ZKSCAN3;ZKSCAN4;ZKSCAN8;ZSCAN16;ZSCAN31	HPA	gProfiler_EAS_PLEIO_3traitMDD_allgenes__intersections.csv
EAS	EAS_MDD_EA_CF	all_mapped_genes	HPA	Human Protein Atlas	HPA:0310431	Lymph node; germinal center cells[≥Low]	0.02433312952818004	1.61380203207	5052	11	11	11007	HIST1H2AK;HIST1H4L;NMT1;PLCD3;TANK;ZKSCAN3;ZKSCAN4;ZKSCAN8;ZSCAN12;ZSCAN16;ZSCAN31	HPA	gProfiler_EAS_PLEIO_3traitMDD_allgenes__intersections.csv
EAS	EAS_MDD_EA_CF	all_mapped_genes	HPA	Human Protein Atlas	HPA:0050052	Breast; glandular cells[≥Medium]	0.026945111184903787	1.56952002001	5099	11	11	11007	HIST1H2AK;HIST1H4L;NMT1;PLCD3;TANK;ZKSCAN3;ZKSCAN4;ZKSCAN8;ZSCAN12;ZSCAN16;ZSCAN31	HPA	gProfiler_EAS_PLEIO_3traitMDD_allgenes__intersections.csv
EAS	EAS_MDD_EA_CF	all_mapped_genes	TF	Transcription factor target	TF:M09975_1	Factor: LEF-1; motif: NCCTTTSWNNTNYN; match class: 1	0.03372640704663696	1.47202992276	529	22	6	20093	HIST1H4L;NKAPL;NMT1;OR2B2;ZSCAN23;ZSCAN31	TF	gProfiler_EAS_PLEIO_3traitMDD_allgenes__intersections.csv
EAS	EAS_MDD_EA_CF	all_mapped_genes	GO:MF	GO molecular function	GO:0046914	transition metal ion binding	0.03798840509688631	1.42034893946	2445	22	10	20208	TANK;ZKSCAN3;ZKSCAN4;ZKSCAN8;ZNF165;ZSCAN12;ZSCAN16;ZSCAN23;ZSCAN31;ZSCAN9	GO_Molecular_Function	gProfiler_EAS_PLEIO_3traitMDD_allgenes__intersections.csv
EAS	EAS_MDD_EA_CF	all_mapped_genes	HPA	Human Protein Atlas	HPA:0630052	Cervix; glandular cells[≥Medium]	0.04115373881233115	1.38559070306	4036	11	10	11007	HIST1H2AK;HIST1H4L;NMT1;TANK;ZKSCAN3;ZKSCAN4;ZKSCAN8;ZSCAN12;ZSCAN16;ZSCAN31	HPA	gProfiler_EAS_PLEIO_3traitMDD_allgenes__intersections.csv
EAS	EAS_MDD_EA_CF	all_mapped_genes	HPA	Human Protein Atlas	HPA:0620222	Vagina; squamous epithelial cells[≥Medium]	0.04203482077070346	1.3763908	4045	11	10	11007	HIST1H2AK;HIST1H4L;NMT1;PLCD3;TANK;ZKSCAN3;ZKSCAN4;ZKSCAN8;ZSCAN16;ZSCAN31	HPA	gProfiler_EAS_PLEIO_3traitMDD_allgenes__intersections.csv
EAS	EAS_MDD_EA_CF	all_mapped_genes	HPA	Human Protein Atlas	HPA:0460651	Skin 1; fibroblasts[≥Low]	0.04519904581380175	1.34487073338	4076	11	10	11007	HIST1H2AK;HIST1H4L;NMT1;PLCD3;TANK;ZKSCAN3;ZKSCAN4;ZSCAN12;ZSCAN16;ZSCAN31	HPA	gProfiler_EAS_PLEIO_3traitMDD_allgenes__intersections.csv
EAS	EAS_MDD_EA_CF	all_mapped_genes	HPA	Human Protein Atlas	HPA:0500000	Soft tissue 1	0.046399026857964036	1.33349112795	5357	11	11	11007	HIST1H2AK;HIST1H4L;NMT1;PLCD3;TANK;ZKSCAN3;ZKSCAN4;ZKSCAN8;ZSCAN12;ZSCAN16;ZSCAN31	HPA	gProfiler_EAS_PLEIO_3traitMDD_allgenes__intersections.csv
EAS	EAS_MDD_EA_CF	all_mapped_genes	TF	Transcription factor target	TF:M01081	Factor: Zec; motif: CAAGGTTGGTTGC	0.04790511359901654	1.31961812564	7	22	2	20093	OR2B2;OR2B6	TF	gProfiler_EAS_PLEIO_3traitMDD_allgenes__intersections.csv
EAS	EAS_MDD_EA_CF	all_mapped_genes	HPA	Human Protein Atlas	HPA:0090162	Cerebellum; Purkinje cells[≥Medium]	0.049937167774587836	1.30157609264	4119	11	10	11007	HIST1H4L;NMT1;PLCD3;TANK;ZKSCAN3;ZKSCAN4;ZKSCAN8;ZSCAN12;ZSCAN16;ZSCAN31	HPA	gProfiler_EAS_PLEIO_3traitMDD_allgenes__intersections.csv
EAS	EAS_SCZ_EA_CF	all_mapped_genes	GO:BP	GO biological process	GO:0030212	hyaluronan metabolic process	0.00003866494611619882	4.41268259072	34	110	6	20972	HYAL1;HYAL2;HYAL3;ITIH1;ITIH3;ITIH4	GO_Biological_Process	gProfiler_EAS_PLEIO_3traitSCZ_allgenes_.csv
EAS	EAS_SCZ_EA_CF	all_mapped_genes	GO:BP	GO biological process	GO:0030203	glycosaminoglycan metabolic process	0.0020814094519953775	2.68164247757	65	110	6	20972	HYAL1;HYAL2;HYAL3;ITIH1;ITIH3;ITIH4	GO_Biological_Process	gProfiler_EAS_PLEIO_3traitSCZ_allgenes_.csv
EAS	EAS_SCZ_EA_CF	all_mapped_genes	GO:MF	GO molecular function	GO:0004415	hyalurononglucosaminidase activity	0.005128853289953606	2.28997972368	8	115	3	20208	HYAL1;HYAL2;HYAL3	GO_Molecular_Function	gProfiler_EAS_PLEIO_3traitSCZ_allgenes_.csv
EAS	EAS_SCZ_EA_CF	all_mapped_genes	GO:BP	GO biological process	GO:0006022	aminoglycan metabolic process	0.0071049862971303895	2.14843675533	80	110	6	20972	HYAL1;HYAL2;HYAL3;ITIH1;ITIH3;ITIH4	GO_Biological_Process	gProfiler_EAS_PLEIO_3traitSCZ_allgenes_.csv
EAS	EAS_SCZ_EA_CF	all_mapped_genes	KEGG	KEGG pathway	KEGG:00531	Glycosaminoglycan degradation	0.014995181888250941	1.82404826198	19	52	3	8716	HYAL1;HYAL2;HYAL3	Pathway	gProfiler_EAS_PLEIO_3traitSCZ_allgenes_.csv
EAS	EAS_SCZ_EA_CF	all_mapped_genes	GO:MF	GO molecular function	GO:0033906	hyaluronoglucuronidase activity	0.016721540625390233	1.77672371169	2	115	2	20208	HYAL2;HYAL3	GO_Molecular_Function	gProfiler_EAS_PLEIO_3traitSCZ_allgenes_.csv
EAS	EAS_SCZ_EA_CF	all_mapped_genes	HPA	Human Protein Atlas	HPA:0160051	Endometrium 1; glandular cells[≥Low]	0.021907433546529215	1.65940849701	6811	78	64	11007	ABCB9;ACTR1A;ARL3;ARL6IP4;AS3MT;BAG4;BNIP3L;CDHR4;CDK2AP1;CISD2;CYB561D2;DAG1;DDHD2;EMC10;FANCL;FGFR1;GLT8D1;GNAI2;GNL3;HAT1;HIST1H2AK;HIST1H4L;IFRD2;IP6K1;LAMB2;LETM2;MANBA;MPHOSPH9;MST1R;NEK4;NISCH;NPRL2;NT5C2;NT5DC2;OGFOD2;PITPNM2;PPP2R2A;QRICH1;RAD54L2;RASSF1;RHOA;RILPL2;SBNO1;SFXN2;SLC25A12;SPCS1;STAB1;SUFU;TANK;TEX264;TFPI;TMEM115;TRAIP;TRIM8;UBA7;VRK2;WSCD2;YWHAE;ZKSCAN3;ZKSCAN4;ZKSCAN8;ZSCAN12;ZSCAN16;ZSCAN31	HPA	gProfiler_EAS_PLEIO_3traitSCZ_allgenes_.csv
EAS	EAS_SCZ_EA_CF	all_mapped_genes	HPA	Human Protein Atlas	HPA:0020052	Adrenal gland; glandular cells[≥Medium]	0.022135241686066114	1.65491573177	6004	78	59	11007	ABCB9;ACTR1A;ARL3;ARL6IP4;AS3MT;BAG4;BNIP3L;C3ORF18;CDK2AP1;CISD2;CYB561D2;CYP17A1;DDHD2;FANCL;FGFR1;GLT8D1;GNAI2;GNL3;HAT1;HIST1H2AK;HIST1H4L;IFRD2;INA;IP6K1;MANBA;MPHOSPH9;MST1R;NEK4;NISCH;NPRL2;NT5C2;NT5DC2;OGFOD2;PITPNM2;QRICH1;RAD54L2;RASSF1;RHOA;RILPL2;SBNO1;SEMA3F;SLC25A12;STAB1;STAR;SUFU;TANK;TEX264;TFPI;TMEM115;TRAIP;TRIM8;UBA7;YWHAE;ZKSCAN3;ZKSCAN4;ZKSCAN8;ZSCAN12;ZSCAN16;ZSCAN31	HPA	gProfiler_EAS_PLEIO_3traitSCZ_allgenes_.csv
EAS	EAS_SCZ_EA_CF	all_mapped_genes	REAC	Reactome	REAC:R-HSA-2160916	Hyaluronan degradation	0.024452579434129207	1.61167532162	12	74	3	11056	HYAL1;HYAL2;HYAL3	Pathway	gProfiler_EAS_PLEIO_3traitSCZ_allgenes_.csv
EAS	EAS_SCZ_EA_CF	all_mapped_genes	GO:BP	GO biological process	GO:0036211	protein modification process	0.04347391966523141	1.36177120149	2360	110	28	20972	CAMKV;CDK2AP1;FANCL;FBXL17;FGFR1;GNL3;HAT1;HYAL2;JOSD2;MANBA;MAPKAPK3;METAP1D;MST1R;NEK4;NT5C2;NT5DC2;PPP2R2A;PTPRF;RASSF1;RHOA;TANK;TRAIP;TRIM8;UBA7;UBE2D3;USP19;VRK2;WBP1L	GO_Biological_Process	gProfiler_EAS_PLEIO_3traitSCZ_allgenes_.csv
EAS	EAS_SCZ_EA_CF	all_mapped_genes	GO:MF	GO molecular function	GO:0015929	hexosaminidase activity	0.04961071882671923	1.30442448028	16	115	3	20208	HYAL1;HYAL2;HYAL3	GO_Molecular_Function	gProfiler_EAS_PLEIO_3traitSCZ_allgenes_.csv
EUR	FOURTRAIT	discordant	GO:BP	GO biological process	GO:0007156	homophilic cell-cell adhesion	9.089633699765223e-7	6.04145361792	69	351	32	2592	AMIGO1;CADM2;CADM3;CDH7;CELSR2;CLSTN2;EMB;ESAM;NEXN;PCDHGA1;PCDHGA10;PCDHGA11;PCDHGA12;PCDHGA2;PCDHGA3;PCDHGA4;PCDHGA5;PCDHGA6;PCDHGA7;PCDHGA8;PCDHGA9;PCDHGB1;PCDHGB2;PCDHGB3;PCDHGB4;PCDHGB6;PCDHGB7;PCDHGC3;PCDHGC4;PCDHGC5;PLXNB2;ROBO2	GO_Biological_Process	gProfiler_hsapiens_4trait_disc___intersections.csv
EUR	FOURTRAIT	discordant	WP	WikiPathways	WP:WP4949	16p11 2 proximal deletion syndrome	0.0000010874776781721665	5.96357964871	23	173	17	1328	ALDOA;ASPHD1;C16ORF92;CCT6B;DOC2A;FAM57B;GDPD3;HDAC3;HIRIP3;INO80E;KCTD13;MAPK3;PPP4C;TAOK2;TBX6;TMEM219;YPEL3	Pathway	gProfiler_hsapiens_4trait_disc___intersections.csv
EUR	MDD_3TRAIT	discordant	GO:BP	GO biological process	GO:0007156	homophilic cell-cell adhesion	1.0757972331815111e-13	12.968269577	57	325	36	2370	AMIGO1;CADM2;CDH4;CDH7;CLSTN2;CNTN4;PCDHA1;PCDHA2;PCDHA3;PCDHA4;PCDHA5;PCDHA6;PCDHA7;PCDHA8;PCDHA9;PCDHGA1;PCDHGA10;PCDHGA11;PCDHGA12;PCDHGA2;PCDHGA3;PCDHGA4;PCDHGA5;PCDHGA6;PCDHGA7;PCDHGA8;PCDHGA9;PCDHGB1;PCDHGB2;PCDHGB3;PCDHGB4;PCDHGB6;PCDHGB7;PCDHGC3;PCDHGC4;PCDHGC5	GO_Biological_Process	gProfiler_hsapiens_3traitMDD_disc.csv
EUR	MDD_3TRAIT	discordant	KEGG	KEGG pathway	KEGG:04519	Cadherin signaling	2.6698118318996105e-8	7.57351934659	76	325	36	2370	AJUBA;CDH4;CDH7;PCDHA1;PCDHA2;PCDHA3;PCDHA4;PCDHA5;PCDHA6;PCDHA7;PCDHA8;PCDHA9;PCDHGA1;PCDHGA10;PCDHGA11;PCDHGA12;PCDHGA2;PCDHGA3;PCDHGA4;PCDHGA5;PCDHGA6;PCDHGA7;PCDHGA8;PCDHGA9;PCDHGB1;PCDHGB2;PCDHGB3;PCDHGB4;PCDHGB6;PCDHGB7;PCDHGC3;PCDHGC4;PCDHGC5;PSEN1;RERE;TAOK3	Pathway	gProfiler_hsapiens_3traitMDD_disc.csv
EUR	MDD_3TRAIT	discordant	GO:MF	GO molecular function	GO:0005509	calcium ion binding	0.000006808442276525194	5.16695224023	118	325	43	2370	ATP2A1;CACNA1E;CD248;CDH4;CDH7;CLSTN2;DGKG;DYSF;LRP8;MMRN1;NCS1;PCDHA1;PCDHA2;PCDHA3;PCDHA4;PCDHA5;PCDHA6;PCDHA7;PCDHA8;PCDHA9;PCDHGA1;PCDHGA10;PCDHGA11;PCDHGA12;PCDHGA2;PCDHGA3;PCDHGA4;PCDHGA5;PCDHGA6;PCDHGA7;PCDHGA8;PCDHGA9;PCDHGB1;PCDHGB2;PCDHGB3;PCDHGB4;PCDHGB6;PCDHGB7;PCDHGC3;PCDHGC4;PCDHGC5;PPP3R1;SLC25A12	GO_Molecular_Function	gProfiler_hsapiens_3traitMDD_disc.csv
EUR	MDD_3TRAIT	discordant	WP	WikiPathways	WP:WP4950	16p11 2 distal deletion syndrome	0.03312795591048972	1.4798053605	11	325	9	2370	ATP2A1;ATXN2L;CD19;LAT;NFATC2IP;RABEP2;SH2B1;SPNS1;TUFM	Pathway	gProfiler_hsapiens_3traitMDD_disc.csv
EUR	MDD_3TRAIT	discordant	GO:BP	GO biological process	GO:0098609	cell-cell adhesion	0.03844442007369657	1.41516668596	157	325	44	2370	AJUBA;AMIGO1;BAIAP2;CADM2;CDH4;CDH7;CLSTN2;CNTN4;EXT1;LRFN4;MMRN1;PCDHA1;PCDHA2;PCDHA3;PCDHA4;PCDHA5;PCDHA6;PCDHA7;PCDHA8;PCDHA9;PCDHGA1;PCDHGA10;PCDHGA11;PCDHGA12;PCDHGA2;PCDHGA3;PCDHGA4;PCDHGA5;PCDHGA6;PCDHGA7;PCDHGA8;PCDHGA9;PCDHGB1;PCDHGB2;PCDHGB3;PCDHGB4;PCDHGB6;PCDHGB7;PCDHGC3;PCDHGC4;PCDHGC5;PPIA;PSEN1;ZBTB1	GO_Biological_Process	gProfiler_hsapiens_3traitMDD_disc.csv
EUR	SCZ_3TRAIT	discordant	WP	WikiPathways	WP:WP4949	16p11 2 proximal deletion syndrome	0.000024137678985488723	4.61730449282	23	208	17	1328	ALDOA;ASPHD1;C16ORF92;CCT3;CCT6B;DOC2A;FAM57B;GDPD3;HIRIP3;INO80E;KCTD13;MAPK3;PPP4C;TAOK2;TBX6;TMEM219;YPEL3	Pathway	gProfiler_hsapiens_3traitSCZ_disc__intersections.csv
EUR	SCZ_3TRAIT	dual	GO:BP	GO biological process	GO:0007156	homophilic cell-cell adhesion	6.825258463627083e-11	10.1658808978	70	502	45	2414	CDHR4;CELSR3;PCDH17;PCDHA1;PCDHA10;PCDHA11;PCDHA12;PCDHA13;PCDHA2;PCDHA3;PCDHA4;PCDHA5;PCDHA6;PCDHA7;PCDHA8;PCDHA9;PCDHAC1;PCDHAC2;PCDHB1;PCDHB2;PCDHB3;PCDHB4;PCDHB5;PCDHGA1;PCDHGA10;PCDHGA11;PCDHGA12;PCDHGA2;PCDHGA3;PCDHGA4;PCDHGA5;PCDHGA6;PCDHGA7;PCDHGA8;PCDHGA9;PCDHGB1;PCDHGB2;PCDHGB3;PCDHGB4;PCDHGB6;PCDHGB7;PCDHGC3;PCDHGC4;PCDHGC5;PTPN23	GO_Biological_Process	gProfiler_hsapiens_3traitSCZ_dual__intersections.csv
EUR	SCZ_3TRAIT	dual	KEGG	KEGG pathway	KEGG:04519	Cadherin signaling	3.144068969890206e-7	6.50250793562	91	502	48	2414	CELSR3;CTNNA1;EP300;LHFPL3;PCDH17;PCDHA1;PCDHA10;PCDHA11;PCDHA12;PCDHA13;PCDHA2;PCDHA3;PCDHA4;PCDHA5;PCDHA6;PCDHA7;PCDHA8;PCDHA9;PCDHAC1;PCDHAC2;PCDHB1;PCDHB2;PCDHB3;PCDHB4;PCDHB5;PCDHGA1;PCDHGA10;PCDHGA11;PCDHGA12;PCDHGA2;PCDHGA3;PCDHGA4;PCDHGA5;PCDHGA6;PCDHGA7;PCDHGA8;PCDHGA9;PCDHGB1;PCDHGB2;PCDHGB3;PCDHGB4;PCDHGB6;PCDHGB7;PCDHGC3;PCDHGC4;PCDHGC5;RHOA;WNT3	Pathway	gProfiler_hsapiens_3traitSCZ_dual__intersections.csv
EUR	SCZ_3TRAIT	dual	GO:BP	GO biological process	GO:0098609	cell-cell adhesion	0.017437400019810978	1.75851826947	178	502	65	2414	AMIGO3;BAD;CD47;CDHR4;CELSR3;CHST4;CTNNA1;EFNA5;EP300;FERMT3;HHLA2;IL12RB1;JAM3;LRRC4;NEGR1;NTNG2;PCDH17;PCDHA1;PCDHA10;PCDHA11;PCDHA12;PCDHA13;PCDHA2;PCDHA3;PCDHA4;PCDHA5;PCDHA6;PCDHA7;PCDHA8;PCDHA9;PCDHAC1;PCDHAC2;PCDHB1;PCDHB2;PCDHB3;PCDHB4;PCDHB5;PCDHGA1;PCDHGA10;PCDHGA11;PCDHGA12;PCDHGA2;PCDHGA3;PCDHGA4;PCDHGA5;PCDHGA6;PCDHGA7;PCDHGA8;PCDHGA9;PCDHGB1;PCDHGB2;PCDHGB3;PCDHGB4;PCDHGB6;PCDHGB7;PCDHGC3;PCDHGC4;PCDHGC5;PRDX2;PTPN23;RC3H1;RHOA;SMARCC1;TNFRSF13C;ZAP70	GO_Biological_Process	gProfiler_hsapiens_3traitSCZ_dual__intersections.csv
EUR	SCZ_3TRAIT	dual	GO:MF	GO molecular function	GO:0005509	calcium ion binding	0.03366616902992189	1.47280630042	127	502	50	2414	CALB2;CDHR4;CELSR3;DAG1;GPD2;ITPR3;P4HTM;PCDH17;PCDHA1;PCDHA10;PCDHA11;PCDHA12;PCDHA13;PCDHA2;PCDHA3;PCDHA4;PCDHA5;PCDHA6;PCDHA7;PCDHA8;PCDHA9;PCDHAC1;PCDHAC2;PCDHB1;PCDHB2;PCDHB3;PCDHB4;PCDHB5;PCDHGA1;PCDHGA10;PCDHGA11;PCDHGA12;PCDHGA2;PCDHGA3;PCDHGA4;PCDHGA5;PCDHGA6;PCDHGA7;PCDHGA8;PCDHGA9;PCDHGB1;PCDHGB2;PCDHGB3;PCDHGB4;PCDHGB6;PCDHGB7;PCDHGC3;PCDHGC4;PCDHGC5;PLCB3	GO_Molecular_Function	gProfiler_hsapiens_3traitSCZ_dual__intersections.csv
