ancestry	result_type	term	n_pleio_models_tested	pleio_models_tested	n_pleio_models_bonf_sig	pleio_models_bonf_sig	n_pleio_models_fdr_sig	pleio_models_fdr_sig
EUR	competitive_gene_set	BIOCARTA_FLUMAZENIL_PATHWAY	3	FOURTRAIT;MDD_3TRAIT;SCZ_3TRAIT	3	FOURTRAIT;MDD_3TRAIT;SCZ_3TRAIT	3	FOURTRAIT;MDD_3TRAIT;SCZ_3TRAIT
EUR	competitive_gene_set	BIOCARTA_FREE_PATHWAY	3	FOURTRAIT;MDD_3TRAIT;SCZ_3TRAIT	1	MDD_3TRAIT	3	FOURTRAIT;MDD_3TRAIT;SCZ_3TRAIT
EUR	competitive_gene_set	BLALOCK_ALZHEIMERS_DISEASE_DN	3	FOURTRAIT;MDD_3TRAIT;SCZ_3TRAIT	3	FOURTRAIT;MDD_3TRAIT;SCZ_3TRAIT	3	FOURTRAIT;MDD_3TRAIT;SCZ_3TRAIT
EUR	competitive_gene_set	DAWSON_METHYLATED_IN_LYMPHOM...	3	FOURTRAIT;MDD_3TRAIT;SCZ_3TRAIT	1	MDD_3TRAIT	2	FOURTRAIT;MDD_3TRAIT
EUR	competitive_gene_set	GOBP_CELLULAR_COMPONENT_MORP...	3	FOURTRAIT;MDD_3TRAIT;SCZ_3TRAIT	1	SCZ_3TRAIT	3	FOURTRAIT;MDD_3TRAIT;SCZ_3TRAIT
EUR	competitive_gene_set	GOBP_CELL_JUNCTION_ASSEMBLY	3	FOURTRAIT;MDD_3TRAIT;SCZ_3TRAIT	1	FOURTRAIT	3	FOURTRAIT;MDD_3TRAIT;SCZ_3TRAIT
EUR	competitive_gene_set	GOBP_CELL_MORPHOGENESIS	3	FOURTRAIT;MDD_3TRAIT;SCZ_3TRAIT	3	FOURTRAIT;MDD_3TRAIT;SCZ_3TRAIT	3	FOURTRAIT;MDD_3TRAIT;SCZ_3TRAIT
EUR	competitive_gene_set	GOBP_CELL_MORPHOGENESIS_INVO...	3	FOURTRAIT;MDD_3TRAIT;SCZ_3TRAIT	1	SCZ_3TRAIT	3	FOURTRAIT;MDD_3TRAIT;SCZ_3TRAIT
EUR	competitive_gene_set	GOBP_CELL_PART_MORPHOGENESIS	3	FOURTRAIT;MDD_3TRAIT;SCZ_3TRAIT	3	FOURTRAIT;MDD_3TRAIT;SCZ_3TRAIT	3	FOURTRAIT;MDD_3TRAIT;SCZ_3TRAIT
EUR	competitive_gene_set	GOBP_CENTRAL_NERVOUS_SYSTEM_...1	3	FOURTRAIT;MDD_3TRAIT;SCZ_3TRAIT	1	SCZ_3TRAIT	3	FOURTRAIT;MDD_3TRAIT;SCZ_3TRAIT
EUR	competitive_gene_set	GOBP_CHROMATIN_ORGANIZATION	3	FOURTRAIT;MDD_3TRAIT;SCZ_3TRAIT	2	FOURTRAIT;MDD_3TRAIT	3	FOURTRAIT;MDD_3TRAIT;SCZ_3TRAIT
EUR	competitive_gene_set	GOBP_GENERATION_OF_NEURONS	3	FOURTRAIT;MDD_3TRAIT;SCZ_3TRAIT	3	FOURTRAIT;MDD_3TRAIT;SCZ_3TRAIT	3	FOURTRAIT;MDD_3TRAIT;SCZ_3TRAIT
EUR	competitive_gene_set	GOBP_HEAD_DEVELOPMENT	3	FOURTRAIT;MDD_3TRAIT;SCZ_3TRAIT	1	SCZ_3TRAIT	3	FOURTRAIT;MDD_3TRAIT;SCZ_3TRAIT
EUR	competitive_gene_set	GOBP_HISTONE_MODIFICATION	3	FOURTRAIT;MDD_3TRAIT;SCZ_3TRAIT	1	MDD_3TRAIT	2	FOURTRAIT;MDD_3TRAIT
EUR	competitive_gene_set	GOBP_MAMMARY_GLAND_EPITHELIA...2	3	FOURTRAIT;MDD_3TRAIT;SCZ_3TRAIT	1	MDD_3TRAIT	3	FOURTRAIT;MDD_3TRAIT;SCZ_3TRAIT
EUR	competitive_gene_set	GOBP_MRNA_METABOLIC_PROCESS	3	FOURTRAIT;MDD_3TRAIT;SCZ_3TRAIT	2	FOURTRAIT;MDD_3TRAIT	3	FOURTRAIT;MDD_3TRAIT;SCZ_3TRAIT
EUR	competitive_gene_set	GOBP_MRNA_PROCESSING	3	FOURTRAIT;MDD_3TRAIT;SCZ_3TRAIT	2	FOURTRAIT;MDD_3TRAIT	3	FOURTRAIT;MDD_3TRAIT;SCZ_3TRAIT
EUR	competitive_gene_set	GOBP_NEUROGENESIS	3	FOURTRAIT;MDD_3TRAIT;SCZ_3TRAIT	3	FOURTRAIT;MDD_3TRAIT;SCZ_3TRAIT	3	FOURTRAIT;MDD_3TRAIT;SCZ_3TRAIT
EUR	competitive_gene_set	GOBP_NEURON_DEVELOPMENT	3	FOURTRAIT;MDD_3TRAIT;SCZ_3TRAIT	3	FOURTRAIT;MDD_3TRAIT;SCZ_3TRAIT	3	FOURTRAIT;MDD_3TRAIT;SCZ_3TRAIT
EUR	competitive_gene_set	GOBP_POSITIVE_REGULATION_OF_...145	3	FOURTRAIT;MDD_3TRAIT;SCZ_3TRAIT	1	FOURTRAIT	3	FOURTRAIT;MDD_3TRAIT;SCZ_3TRAIT
EUR	competitive_gene_set	GOBP_POSITIVE_REGULATION_OF_...464	3	FOURTRAIT;MDD_3TRAIT;SCZ_3TRAIT	2	FOURTRAIT;MDD_3TRAIT	3	FOURTRAIT;MDD_3TRAIT;SCZ_3TRAIT
EUR	competitive_gene_set	GOBP_POSITIVE_REGULATION_OF_...730	3	FOURTRAIT;MDD_3TRAIT;SCZ_3TRAIT	2	FOURTRAIT;MDD_3TRAIT	3	FOURTRAIT;MDD_3TRAIT;SCZ_3TRAIT
EUR	competitive_gene_set	GOBP_REGULATION_OF_MAMMARY_G...	3	FOURTRAIT;MDD_3TRAIT;SCZ_3TRAIT	1	MDD_3TRAIT	3	FOURTRAIT;MDD_3TRAIT;SCZ_3TRAIT
EUR	competitive_gene_set	GOBP_REGULATION_OF_MRNA_META...	3	FOURTRAIT;MDD_3TRAIT;SCZ_3TRAIT	1	FOURTRAIT	3	FOURTRAIT;MDD_3TRAIT;SCZ_3TRAIT
EUR	competitive_gene_set	GOBP_REGULATION_OF_RNA_SPLIC...	3	FOURTRAIT;MDD_3TRAIT;SCZ_3TRAIT	1	FOURTRAIT	3	FOURTRAIT;MDD_3TRAIT;SCZ_3TRAIT
EUR	competitive_gene_set	GOBP_REGULATION_OF_TRANS_SYN...	3	FOURTRAIT;MDD_3TRAIT;SCZ_3TRAIT	1	FOURTRAIT	3	FOURTRAIT;MDD_3TRAIT;SCZ_3TRAIT
EUR	competitive_gene_set	GOBP_RESPONSE_TO_FOLIC_ACID	3	FOURTRAIT;MDD_3TRAIT;SCZ_3TRAIT	1	MDD_3TRAIT	3	FOURTRAIT;MDD_3TRAIT;SCZ_3TRAIT
EUR	competitive_gene_set	GOBP_RESPONSE_TO_SYMBIONT	3	FOURTRAIT;MDD_3TRAIT;SCZ_3TRAIT	2	MDD_3TRAIT;SCZ_3TRAIT	3	FOURTRAIT;MDD_3TRAIT;SCZ_3TRAIT
EUR	competitive_gene_set	GOBP_RNA_SPLICING	3	FOURTRAIT;MDD_3TRAIT;SCZ_3TRAIT	2	FOURTRAIT;MDD_3TRAIT	3	FOURTRAIT;MDD_3TRAIT;SCZ_3TRAIT
EUR	competitive_gene_set	GOBP_SYNAPSE_ASSEMBLY	3	FOURTRAIT;MDD_3TRAIT;SCZ_3TRAIT	2	FOURTRAIT;MDD_3TRAIT	3	FOURTRAIT;MDD_3TRAIT;SCZ_3TRAIT
EUR	competitive_gene_set	GOBP_SYNAPSE_ORGANIZATION	3	FOURTRAIT;MDD_3TRAIT;SCZ_3TRAIT	3	FOURTRAIT;MDD_3TRAIT;SCZ_3TRAIT	3	FOURTRAIT;MDD_3TRAIT;SCZ_3TRAIT
EUR	competitive_gene_set	GOBP_SYNAPTIC_MEMBRANE_ADHES...	3	FOURTRAIT;MDD_3TRAIT;SCZ_3TRAIT	1	FOURTRAIT	3	FOURTRAIT;MDD_3TRAIT;SCZ_3TRAIT
EUR	competitive_gene_set	GOBP_SYNAPTIC_SIGNALING	3	FOURTRAIT;MDD_3TRAIT;SCZ_3TRAIT	1	FOURTRAIT	3	FOURTRAIT;MDD_3TRAIT;SCZ_3TRAIT
EUR	competitive_gene_set	GOBP_TELENCEPHALON_DEVELOPME...	3	FOURTRAIT;MDD_3TRAIT;SCZ_3TRAIT	1	MDD_3TRAIT	3	FOURTRAIT;MDD_3TRAIT;SCZ_3TRAIT
EUR	competitive_gene_set	GOCC_AXON	3	FOURTRAIT;MDD_3TRAIT;SCZ_3TRAIT	1	FOURTRAIT	3	FOURTRAIT;MDD_3TRAIT;SCZ_3TRAIT
EUR	competitive_gene_set	GOCC_CHROMATIN	3	FOURTRAIT;MDD_3TRAIT;SCZ_3TRAIT	3	FOURTRAIT;MDD_3TRAIT;SCZ_3TRAIT	3	FOURTRAIT;MDD_3TRAIT;SCZ_3TRAIT
EUR	competitive_gene_set	GOCC_CHROMOSOME	3	FOURTRAIT;MDD_3TRAIT;SCZ_3TRAIT	3	FOURTRAIT;MDD_3TRAIT;SCZ_3TRAIT	3	FOURTRAIT;MDD_3TRAIT;SCZ_3TRAIT
EUR	competitive_gene_set	GOCC_DENDRITIC_TREE	3	FOURTRAIT;MDD_3TRAIT;SCZ_3TRAIT	2	FOURTRAIT;SCZ_3TRAIT	3	FOURTRAIT;MDD_3TRAIT;SCZ_3TRAIT
EUR	competitive_gene_set	GOCC_GABA_ERGIC_SYNAPSE	3	FOURTRAIT;MDD_3TRAIT;SCZ_3TRAIT	1	FOURTRAIT	2	FOURTRAIT;MDD_3TRAIT
EUR	competitive_gene_set	GOCC_L_TYPE_VOLTAGE_GATED_CA...	3	FOURTRAIT;MDD_3TRAIT;SCZ_3TRAIT	1	FOURTRAIT	3	FOURTRAIT;MDD_3TRAIT;SCZ_3TRAIT
EUR	competitive_gene_set	GOCC_NEURON_PROJECTION	3	FOURTRAIT;MDD_3TRAIT;SCZ_3TRAIT	3	FOURTRAIT;MDD_3TRAIT;SCZ_3TRAIT	3	FOURTRAIT;MDD_3TRAIT;SCZ_3TRAIT
EUR	competitive_gene_set	GOCC_NEURON_TO_NEURON_SYNAPSE	3	FOURTRAIT;MDD_3TRAIT;SCZ_3TRAIT	3	FOURTRAIT;MDD_3TRAIT;SCZ_3TRAIT	3	FOURTRAIT;MDD_3TRAIT;SCZ_3TRAIT
EUR	competitive_gene_set	GOCC_NUCLEAR_PROTEIN_CONTAIN...	3	FOURTRAIT;MDD_3TRAIT;SCZ_3TRAIT	1	MDD_3TRAIT	3	FOURTRAIT;MDD_3TRAIT;SCZ_3TRAIT
EUR	competitive_gene_set	GOCC_POSTSYNAPSE	3	FOURTRAIT;MDD_3TRAIT;SCZ_3TRAIT	3	FOURTRAIT;MDD_3TRAIT;SCZ_3TRAIT	3	FOURTRAIT;MDD_3TRAIT;SCZ_3TRAIT
EUR	competitive_gene_set	GOCC_POSTSYNAPTIC_DENSITY_ME...	3	FOURTRAIT;MDD_3TRAIT;SCZ_3TRAIT	3	FOURTRAIT;MDD_3TRAIT;SCZ_3TRAIT	3	FOURTRAIT;MDD_3TRAIT;SCZ_3TRAIT
EUR	competitive_gene_set	GOCC_POSTSYNAPTIC_MEMBRANE	3	FOURTRAIT;MDD_3TRAIT;SCZ_3TRAIT	3	FOURTRAIT;MDD_3TRAIT;SCZ_3TRAIT	3	FOURTRAIT;MDD_3TRAIT;SCZ_3TRAIT
EUR	competitive_gene_set	GOCC_POSTSYNAPTIC_SPECIALIZA...1	3	FOURTRAIT;MDD_3TRAIT;SCZ_3TRAIT	3	FOURTRAIT;MDD_3TRAIT;SCZ_3TRAIT	3	FOURTRAIT;MDD_3TRAIT;SCZ_3TRAIT
EUR	competitive_gene_set	GOCC_POSTSYNAPTIC_SPECIALIZA...3	3	FOURTRAIT;MDD_3TRAIT;SCZ_3TRAIT	3	FOURTRAIT;MDD_3TRAIT;SCZ_3TRAIT	3	FOURTRAIT;MDD_3TRAIT;SCZ_3TRAIT
EUR	competitive_gene_set	GOCC_SOMATODENDRITIC_COMPART...	3	FOURTRAIT;MDD_3TRAIT;SCZ_3TRAIT	2	FOURTRAIT;SCZ_3TRAIT	3	FOURTRAIT;MDD_3TRAIT;SCZ_3TRAIT
EUR	competitive_gene_set	GOCC_SYNAPSE	3	FOURTRAIT;MDD_3TRAIT;SCZ_3TRAIT	3	FOURTRAIT;MDD_3TRAIT;SCZ_3TRAIT	3	FOURTRAIT;MDD_3TRAIT;SCZ_3TRAIT
EUR	competitive_gene_set	GOCC_SYNAPTIC_MEMBRANE	3	FOURTRAIT;MDD_3TRAIT;SCZ_3TRAIT	3	FOURTRAIT;MDD_3TRAIT;SCZ_3TRAIT	3	FOURTRAIT;MDD_3TRAIT;SCZ_3TRAIT
EUR	competitive_gene_set	GOMF_DNA_BINDING_TRANSCRIPTI...3	3	FOURTRAIT;MDD_3TRAIT;SCZ_3TRAIT	1	FOURTRAIT	2	FOURTRAIT;MDD_3TRAIT
EUR	competitive_gene_set	GOMF_SEQUENCE_SPECIFIC_DNA_B...	3	FOURTRAIT;MDD_3TRAIT;SCZ_3TRAIT	2	FOURTRAIT;MDD_3TRAIT	3	FOURTRAIT;MDD_3TRAIT;SCZ_3TRAIT
EUR	competitive_gene_set	GOMF_TRANSCRIPTION_REGULATOR...2	3	FOURTRAIT;MDD_3TRAIT;SCZ_3TRAIT	2	FOURTRAIT;MDD_3TRAIT	3	FOURTRAIT;MDD_3TRAIT;SCZ_3TRAIT
EUR	competitive_gene_set	GOMF_VOLTAGE_GATED_MONOATOMI...2	3	FOURTRAIT;MDD_3TRAIT;SCZ_3TRAIT	2	FOURTRAIT;SCZ_3TRAIT	3	FOURTRAIT;MDD_3TRAIT;SCZ_3TRAIT
EUR	competitive_gene_set	HOUNKPE_HOUSEKEEPING_GENES	3	FOURTRAIT;MDD_3TRAIT;SCZ_3TRAIT	3	FOURTRAIT;MDD_3TRAIT;SCZ_3TRAIT	3	FOURTRAIT;MDD_3TRAIT;SCZ_3TRAIT
EUR	competitive_gene_set	REACTOME_CHROMATIN_MODIFYING...	3	FOURTRAIT;MDD_3TRAIT;SCZ_3TRAIT	2	FOURTRAIT;MDD_3TRAIT	3	FOURTRAIT;MDD_3TRAIT;SCZ_3TRAIT
EUR	competitive_gene_set	REACTOME_NEURONAL_SYSTEM	3	FOURTRAIT;MDD_3TRAIT;SCZ_3TRAIT	2	FOURTRAIT;SCZ_3TRAIT	3	FOURTRAIT;MDD_3TRAIT;SCZ_3TRAIT
EUR	competitive_gene_set	REACTOME_SYNTHESIS_OF_5_EICO...	3	FOURTRAIT;MDD_3TRAIT;SCZ_3TRAIT	1	MDD_3TRAIT	3	FOURTRAIT;MDD_3TRAIT;SCZ_3TRAIT
EUR	competitive_gene_set	VERHAAK_GLIOBLASTOMA_PRONEUR...	3	FOURTRAIT;MDD_3TRAIT;SCZ_3TRAIT	1	FOURTRAIT	3	FOURTRAIT;MDD_3TRAIT;SCZ_3TRAIT
EAS	gtex_v8_specific_tissue	Brain_Anterior_cingulate_cor...	3	FOURTRAIT;MDD_3TRAIT;SCZ_3TRAIT	3	FOURTRAIT;MDD_3TRAIT;SCZ_3TRAIT	3	FOURTRAIT;MDD_3TRAIT;SCZ_3TRAIT
EAS	gtex_v8_specific_tissue	Brain_Cerebellar_Hemisphere	3	FOURTRAIT;MDD_3TRAIT;SCZ_3TRAIT	3	FOURTRAIT;MDD_3TRAIT;SCZ_3TRAIT	3	FOURTRAIT;MDD_3TRAIT;SCZ_3TRAIT
EAS	gtex_v8_specific_tissue	Brain_Cerebellum	3	FOURTRAIT;MDD_3TRAIT;SCZ_3TRAIT	3	FOURTRAIT;MDD_3TRAIT;SCZ_3TRAIT	3	FOURTRAIT;MDD_3TRAIT;SCZ_3TRAIT
EAS	gtex_v8_specific_tissue	Brain_Cortex	3	FOURTRAIT;MDD_3TRAIT;SCZ_3TRAIT	3	FOURTRAIT;MDD_3TRAIT;SCZ_3TRAIT	3	FOURTRAIT;MDD_3TRAIT;SCZ_3TRAIT
EAS	gtex_v8_specific_tissue	Brain_Frontal_Cortex_BA9	3	FOURTRAIT;MDD_3TRAIT;SCZ_3TRAIT	3	FOURTRAIT;MDD_3TRAIT;SCZ_3TRAIT	3	FOURTRAIT;MDD_3TRAIT;SCZ_3TRAIT
EUR	gtex_v8_specific_tissue	Brain_Amygdala	3	FOURTRAIT;MDD_3TRAIT;SCZ_3TRAIT	3	FOURTRAIT;MDD_3TRAIT;SCZ_3TRAIT	3	FOURTRAIT;MDD_3TRAIT;SCZ_3TRAIT
EUR	gtex_v8_specific_tissue	Brain_Anterior_cingulate_cor...	3	FOURTRAIT;MDD_3TRAIT;SCZ_3TRAIT	3	FOURTRAIT;MDD_3TRAIT;SCZ_3TRAIT	3	FOURTRAIT;MDD_3TRAIT;SCZ_3TRAIT
EUR	gtex_v8_specific_tissue	Brain_Caudate_basal_ganglia	3	FOURTRAIT;MDD_3TRAIT;SCZ_3TRAIT	3	FOURTRAIT;MDD_3TRAIT;SCZ_3TRAIT	3	FOURTRAIT;MDD_3TRAIT;SCZ_3TRAIT
EUR	gtex_v8_specific_tissue	Brain_Cerebellar_Hemisphere	3	FOURTRAIT;MDD_3TRAIT;SCZ_3TRAIT	3	FOURTRAIT;MDD_3TRAIT;SCZ_3TRAIT	3	FOURTRAIT;MDD_3TRAIT;SCZ_3TRAIT
EUR	gtex_v8_specific_tissue	Brain_Cerebellum	3	FOURTRAIT;MDD_3TRAIT;SCZ_3TRAIT	3	FOURTRAIT;MDD_3TRAIT;SCZ_3TRAIT	3	FOURTRAIT;MDD_3TRAIT;SCZ_3TRAIT
EUR	gtex_v8_specific_tissue	Brain_Cortex	3	FOURTRAIT;MDD_3TRAIT;SCZ_3TRAIT	3	FOURTRAIT;MDD_3TRAIT;SCZ_3TRAIT	3	FOURTRAIT;MDD_3TRAIT;SCZ_3TRAIT
EUR	gtex_v8_specific_tissue	Brain_Frontal_Cortex_BA9	3	FOURTRAIT;MDD_3TRAIT;SCZ_3TRAIT	3	FOURTRAIT;MDD_3TRAIT;SCZ_3TRAIT	3	FOURTRAIT;MDD_3TRAIT;SCZ_3TRAIT
EUR	gtex_v8_specific_tissue	Brain_Hippocampus	3	FOURTRAIT;MDD_3TRAIT;SCZ_3TRAIT	3	FOURTRAIT;MDD_3TRAIT;SCZ_3TRAIT	3	FOURTRAIT;MDD_3TRAIT;SCZ_3TRAIT
EUR	gtex_v8_specific_tissue	Brain_Hypothalamus	3	FOURTRAIT;MDD_3TRAIT;SCZ_3TRAIT	3	FOURTRAIT;MDD_3TRAIT;SCZ_3TRAIT	3	FOURTRAIT;MDD_3TRAIT;SCZ_3TRAIT
EUR	gtex_v8_specific_tissue	Brain_Nucleus_accumbens_basa...	3	FOURTRAIT;MDD_3TRAIT;SCZ_3TRAIT	3	FOURTRAIT;MDD_3TRAIT;SCZ_3TRAIT	3	FOURTRAIT;MDD_3TRAIT;SCZ_3TRAIT
EUR	gtex_v8_specific_tissue	Brain_Putamen_basal_ganglia	3	FOURTRAIT;MDD_3TRAIT;SCZ_3TRAIT	3	FOURTRAIT;MDD_3TRAIT;SCZ_3TRAIT	3	FOURTRAIT;MDD_3TRAIT;SCZ_3TRAIT
EUR	gtex_v8_specific_tissue	Brain_Spinal_cord_cervical_c...	3	FOURTRAIT;MDD_3TRAIT;SCZ_3TRAIT	3	FOURTRAIT;MDD_3TRAIT;SCZ_3TRAIT	3	FOURTRAIT;MDD_3TRAIT;SCZ_3TRAIT
EUR	gtex_v8_specific_tissue	Brain_Substantia_nigra	3	FOURTRAIT;MDD_3TRAIT;SCZ_3TRAIT	3	FOURTRAIT;MDD_3TRAIT;SCZ_3TRAIT	3	FOURTRAIT;MDD_3TRAIT;SCZ_3TRAIT
EUR	gtex_v8_specific_tissue	Pituitary	3	FOURTRAIT;MDD_3TRAIT;SCZ_3TRAIT	3	FOURTRAIT;MDD_3TRAIT;SCZ_3TRAIT	3	FOURTRAIT;MDD_3TRAIT;SCZ_3TRAIT
EAS	gtex_v8_general_tissue	Brain	3	FOURTRAIT;MDD_3TRAIT;SCZ_3TRAIT	3	FOURTRAIT;MDD_3TRAIT;SCZ_3TRAIT	3	FOURTRAIT;MDD_3TRAIT;SCZ_3TRAIT
EUR	gtex_v8_general_tissue	Brain	3	FOURTRAIT;MDD_3TRAIT;SCZ_3TRAIT	3	FOURTRAIT;MDD_3TRAIT;SCZ_3TRAIT	3	FOURTRAIT;MDD_3TRAIT;SCZ_3TRAIT
EUR	gtex_v8_general_tissue	Ovary	3	FOURTRAIT;MDD_3TRAIT;SCZ_3TRAIT	2	FOURTRAIT;MDD_3TRAIT	2	FOURTRAIT;MDD_3TRAIT
EUR	gtex_v8_general_tissue	Pituitary	3	FOURTRAIT;MDD_3TRAIT;SCZ_3TRAIT	3	FOURTRAIT;MDD_3TRAIT;SCZ_3TRAIT	3	FOURTRAIT;MDD_3TRAIT;SCZ_3TRAIT
EUR	gtex_v8_general_tissue	Testis	3	FOURTRAIT;MDD_3TRAIT;SCZ_3TRAIT	1	FOURTRAIT	2	FOURTRAIT;MDD_3TRAIT
