ancestry	source_run_label	run_relative_path	run_key	inferred_label	inferred_label_status	analysis_label	analysis_label_status	result_type	source_file	VARIABLE	TYPE	NGENES	BETA	BETA_STD	SE	P	FULL_NAME	expected_magma_type	included_in_correction	p_numeric	n_tests_in_file	bonferroni_threshold	p_bh	significant_bonferroni	significant_fdr	p_rank_within_file	beta_numeric	positive_beta	significant_bonferroni_positive	significant_fdr_positive
EUR	PLEIO	EUR/PLEIO	EUR/FOURTRAIT	FOURTRAIT	explicit_manifest	FOURTRAIT	explicit_manifest	gtex_v8_specific_tissue	/home/ec2-user/project2/RESULTS/FUMA/FUMA/EUR/PLEIO/magma_exp_gtex_v8_ts_avg_log2TPM.gsa.out	Brain_Amygdala	COVAR	16926	0.14081	0.23871	0.014519	1.7656e-22	Brain_Amygdala	COVAR	True	1.7656e-22	54	0.000925925925925926	9.534239999999999e-22	True	True	10.0	0.14081	True	True	True
EUR	PLEIO	EUR/PLEIO	EUR/FOURTRAIT	FOURTRAIT	explicit_manifest	FOURTRAIT	explicit_manifest	gtex_v8_specific_tissue	/home/ec2-user/project2/RESULTS/FUMA/FUMA/EUR/PLEIO/magma_exp_gtex_v8_ts_avg_log2TPM.gsa.out	Brain_Anterior_cingulate_cor...	COVAR	16926	0.15555	0.27342	0.01338	2.0524e-31	Brain_Anterior_cingulate_cortex_BA24	COVAR	True	2.0524e-31	54	0.000925925925925926	2.216592e-30	True	True	5.0	0.15555	True	True	True
EUR	PLEIO	EUR/PLEIO	EUR/FOURTRAIT	FOURTRAIT	explicit_manifest	FOURTRAIT	explicit_manifest	gtex_v8_specific_tissue	/home/ec2-user/project2/RESULTS/FUMA/FUMA/EUR/PLEIO/magma_exp_gtex_v8_ts_avg_log2TPM.gsa.out	Brain_Caudate_basal_ganglia	COVAR	16926	0.14121	0.24267	0.014547	1.6208e-22	Brain_Caudate_basal_ganglia	COVAR	True	1.6208e-22	54	0.000925925925925926	9.534239999999999e-22	True	True	9.0	0.14121	True	True	True
EUR	PLEIO	EUR/PLEIO	EUR/FOURTRAIT	FOURTRAIT	explicit_manifest	FOURTRAIT	explicit_manifest	gtex_v8_specific_tissue	/home/ec2-user/project2/RESULTS/FUMA/FUMA/EUR/PLEIO/magma_exp_gtex_v8_ts_avg_log2TPM.gsa.out	Brain_Cerebellar_Hemisphere	COVAR	16926	0.15528	0.3105	0.011204	1.01e-43	Brain_Cerebellar_Hemisphere	COVAR	True	1.01e-43	54	0.000925925925925926	5.454e-42	True	True	1.0	0.15528	True	True	True
EUR	PLEIO	EUR/PLEIO	EUR/FOURTRAIT	FOURTRAIT	explicit_manifest	FOURTRAIT	explicit_manifest	gtex_v8_specific_tissue	/home/ec2-user/project2/RESULTS/FUMA/FUMA/EUR/PLEIO/magma_exp_gtex_v8_ts_avg_log2TPM.gsa.out	Brain_Cerebellum	COVAR	16926	0.15621	0.30891	0.011551	9.8794e-42	Brain_Cerebellum	COVAR	True	9.8794e-42	54	0.000925925925925926	2.667438e-40	True	True	2.0	0.15621	True	True	True
EUR	PLEIO	EUR/PLEIO	EUR/FOURTRAIT	FOURTRAIT	explicit_manifest	FOURTRAIT	explicit_manifest	gtex_v8_specific_tissue	/home/ec2-user/project2/RESULTS/FUMA/FUMA/EUR/PLEIO/magma_exp_gtex_v8_ts_avg_log2TPM.gsa.out	Brain_Cortex	COVAR	16926	0.16618	0.30153	0.013205	1.9243e-36	Brain_Cortex	COVAR	True	1.9243e-36	54	0.000925925925925926	2.597805e-35	True	True	4.0	0.16618	True	True	True
EUR	PLEIO	EUR/PLEIO	EUR/FOURTRAIT	FOURTRAIT	explicit_manifest	FOURTRAIT	explicit_manifest	gtex_v8_specific_tissue	/home/ec2-user/project2/RESULTS/FUMA/FUMA/EUR/PLEIO/magma_exp_gtex_v8_ts_avg_log2TPM.gsa.out	Brain_Frontal_Cortex_BA9	COVAR	16926	0.16748	0.30703	0.012712	9.9604e-40	Brain_Frontal_Cortex_BA9	COVAR	True	9.960399999999999e-40	54	0.000925925925925926	1.7928719999999998e-38	True	True	3.0	0.16748	True	True	True
EUR	PLEIO	EUR/PLEIO	EUR/FOURTRAIT	FOURTRAIT	explicit_manifest	FOURTRAIT	explicit_manifest	gtex_v8_specific_tissue	/home/ec2-user/project2/RESULTS/FUMA/FUMA/EUR/PLEIO/magma_exp_gtex_v8_ts_avg_log2TPM.gsa.out	Brain_Hippocampus	COVAR	16926	0.14652	0.24686	0.014766	1.9432e-23	Brain_Hippocampus	COVAR	True	1.9432e-23	54	0.000925925925925926	1.31166e-22	True	True	8.0	0.14652	True	True	True
EUR	PLEIO	EUR/PLEIO	EUR/FOURTRAIT	FOURTRAIT	explicit_manifest	FOURTRAIT	explicit_manifest	gtex_v8_specific_tissue	/home/ec2-user/project2/RESULTS/FUMA/FUMA/EUR/PLEIO/magma_exp_gtex_v8_ts_avg_log2TPM.gsa.out	Brain_Hypothalamus	COVAR	16926	0.14968	0.25621	0.014967	8.8968e-24	Brain_Hypothalamus	COVAR	True	8.8968e-24	54	0.000925925925925926	6.863245714285715e-23	True	True	7.0	0.14968	True	True	True
EUR	PLEIO	EUR/PLEIO	EUR/FOURTRAIT	FOURTRAIT	explicit_manifest	FOURTRAIT	explicit_manifest	gtex_v8_specific_tissue	/home/ec2-user/project2/RESULTS/FUMA/FUMA/EUR/PLEIO/magma_exp_gtex_v8_ts_avg_log2TPM.gsa.out	Brain_Nucleus_accumbens_basa...	COVAR	16926	0.14687	0.25353	0.014055	8.9481e-26	Brain_Nucleus_accumbens_basal_ganglia	COVAR	True	8.948099999999999e-26	54	0.000925925925925926	8.053289999999999e-25	True	True	6.0	0.14687	True	True	True
EUR	PLEIO	EUR/PLEIO	EUR/FOURTRAIT	FOURTRAIT	explicit_manifest	FOURTRAIT	explicit_manifest	gtex_v8_specific_tissue	/home/ec2-user/project2/RESULTS/FUMA/FUMA/EUR/PLEIO/magma_exp_gtex_v8_ts_avg_log2TPM.gsa.out	Brain_Putamen_basal_ganglia	COVAR	16926	0.13192	0.22343	0.014668	1.3371e-19	Brain_Putamen_basal_ganglia	COVAR	True	1.3371000000000001e-19	54	0.000925925925925926	6.563945454545455e-19	True	True	11.0	0.13192	True	True	True
EUR	PLEIO	EUR/PLEIO	EUR/FOURTRAIT	FOURTRAIT	explicit_manifest	FOURTRAIT	explicit_manifest	gtex_v8_specific_tissue	/home/ec2-user/project2/RESULTS/FUMA/FUMA/EUR/PLEIO/magma_exp_gtex_v8_ts_avg_log2TPM.gsa.out	Brain_Spinal_cord_cervical_c...	COVAR	16926	0.090807	0.16248	0.015888	5.5668e-09	Brain_Spinal_cord_cervical_c-1	COVAR	True	5.5668e-09	54	0.000925925925925926	2.1471942857142858e-08	True	True	14.0	0.090807	True	True	True
EUR	PLEIO	EUR/PLEIO	EUR/FOURTRAIT	FOURTRAIT	explicit_manifest	FOURTRAIT	explicit_manifest	gtex_v8_specific_tissue	/home/ec2-user/project2/RESULTS/FUMA/FUMA/EUR/PLEIO/magma_exp_gtex_v8_ts_avg_log2TPM.gsa.out	Brain_Substantia_nigra	COVAR	16926	0.1014	0.17376	0.015821	7.5216e-11	Brain_Substantia_nigra	COVAR	True	7.5216e-11	54	0.000925925925925926	3.124356923076923e-10	True	True	13.0	0.1014	True	True	True
EUR	PLEIO	EUR/PLEIO	EUR/FOURTRAIT	FOURTRAIT	explicit_manifest	FOURTRAIT	explicit_manifest	gtex_v8_specific_tissue	/home/ec2-user/project2/RESULTS/FUMA/FUMA/EUR/PLEIO/magma_exp_gtex_v8_ts_avg_log2TPM.gsa.out	Pituitary	COVAR	16926	0.10673	0.19769	0.016553	5.8485e-11	Pituitary	COVAR	True	5.8485e-11	54	0.000925925925925926	2.6318250000000004e-10	True	True	12.0	0.10673	True	True	True
EUR	FUMA_PLEIO_MDD_EA_CF	EUR/FUMA_PLEIO_MDD_EA_CF	EUR/MDD_3TRAIT	MDD_3TRAIT	explicit_manifest	MDD_3TRAIT	explicit_manifest	gtex_v8_specific_tissue	/home/ec2-user/project2/RESULTS/FUMA/FUMA/EUR/FUMA_PLEIO_MDD_EA_CF/magma_exp_gtex_v8_ts_avg_log2TPM.gsa.out	Brain_Amygdala	COVAR	16907	0.12512	0.2121	0.014422	2.2623e-18	Brain_Amygdala	COVAR	True	2.2623e-18	54	0.000925925925925926	1.221642e-17	True	True	10.0	0.12512	True	True	True
EUR	FUMA_PLEIO_MDD_EA_CF	EUR/FUMA_PLEIO_MDD_EA_CF	EUR/MDD_3TRAIT	MDD_3TRAIT	explicit_manifest	MDD_3TRAIT	explicit_manifest	gtex_v8_specific_tissue	/home/ec2-user/project2/RESULTS/FUMA/FUMA/EUR/FUMA_PLEIO_MDD_EA_CF/magma_exp_gtex_v8_ts_avg_log2TPM.gsa.out	Brain_Anterior_cingulate_cor...	COVAR	16907	0.13758	0.24183	0.013268	2.0692e-25	Brain_Anterior_cingulate_cortex_BA24	COVAR	True	2.0692e-25	54	0.000925925925925926	2.234736e-24	True	True	5.0	0.13758	True	True	True
EUR	FUMA_PLEIO_MDD_EA_CF	EUR/FUMA_PLEIO_MDD_EA_CF	EUR/MDD_3TRAIT	MDD_3TRAIT	explicit_manifest	MDD_3TRAIT	explicit_manifest	gtex_v8_specific_tissue	/home/ec2-user/project2/RESULTS/FUMA/FUMA/EUR/FUMA_PLEIO_MDD_EA_CF/magma_exp_gtex_v8_ts_avg_log2TPM.gsa.out	Brain_Caudate_basal_ganglia	COVAR	16907	0.12838	0.22063	0.014451	3.5855e-19	Brain_Caudate_basal_ganglia	COVAR	True	3.5855e-19	54	0.000925925925925926	2.1513000000000003e-18	True	True	9.0	0.12838	True	True	True
EUR	FUMA_PLEIO_MDD_EA_CF	EUR/FUMA_PLEIO_MDD_EA_CF	EUR/MDD_3TRAIT	MDD_3TRAIT	explicit_manifest	MDD_3TRAIT	explicit_manifest	gtex_v8_specific_tissue	/home/ec2-user/project2/RESULTS/FUMA/FUMA/EUR/FUMA_PLEIO_MDD_EA_CF/magma_exp_gtex_v8_ts_avg_log2TPM.gsa.out	Brain_Cerebellar_Hemisphere	COVAR	16907	0.13444	0.26882	0.011072	4.4958e-34	Brain_Cerebellar_Hemisphere	COVAR	True	4.4958e-34	54	0.000925925925925926	2.4277320000000003e-32	True	True	1.0	0.13444	True	True	True
EUR	FUMA_PLEIO_MDD_EA_CF	EUR/FUMA_PLEIO_MDD_EA_CF	EUR/MDD_3TRAIT	MDD_3TRAIT	explicit_manifest	MDD_3TRAIT	explicit_manifest	gtex_v8_specific_tissue	/home/ec2-user/project2/RESULTS/FUMA/FUMA/EUR/FUMA_PLEIO_MDD_EA_CF/magma_exp_gtex_v8_ts_avg_log2TPM.gsa.out	Brain_Cerebellum	COVAR	16907	0.13602	0.26898	0.011415	6.7742e-33	Brain_Cerebellum	COVAR	True	6.774200000000001e-33	54	0.000925925925925926	1.8290340000000004e-31	True	True	2.0	0.13602	True	True	True
EUR	FUMA_PLEIO_MDD_EA_CF	EUR/FUMA_PLEIO_MDD_EA_CF	EUR/MDD_3TRAIT	MDD_3TRAIT	explicit_manifest	MDD_3TRAIT	explicit_manifest	gtex_v8_specific_tissue	/home/ec2-user/project2/RESULTS/FUMA/FUMA/EUR/FUMA_PLEIO_MDD_EA_CF/magma_exp_gtex_v8_ts_avg_log2TPM.gsa.out	Brain_Cortex	COVAR	16907	0.1494	0.27109	0.013098	2.5528e-30	Brain_Cortex	COVAR	True	2.5528e-30	54	0.000925925925925926	3.44628e-29	True	True	4.0	0.1494	True	True	True
EUR	FUMA_PLEIO_MDD_EA_CF	EUR/FUMA_PLEIO_MDD_EA_CF	EUR/MDD_3TRAIT	MDD_3TRAIT	explicit_manifest	MDD_3TRAIT	explicit_manifest	gtex_v8_specific_tissue	/home/ec2-user/project2/RESULTS/FUMA/FUMA/EUR/FUMA_PLEIO_MDD_EA_CF/magma_exp_gtex_v8_ts_avg_log2TPM.gsa.out	Brain_Frontal_Cortex_BA9	COVAR	16907	0.14954	0.27415	0.012615	1.4154e-32	Brain_Frontal_Cortex_BA9	COVAR	True	1.4154e-32	54	0.000925925925925926	2.54772e-31	True	True	3.0	0.14954	True	True	True
EUR	FUMA_PLEIO_MDD_EA_CF	EUR/FUMA_PLEIO_MDD_EA_CF	EUR/MDD_3TRAIT	MDD_3TRAIT	explicit_manifest	MDD_3TRAIT	explicit_manifest	gtex_v8_specific_tissue	/home/ec2-user/project2/RESULTS/FUMA/FUMA/EUR/FUMA_PLEIO_MDD_EA_CF/magma_exp_gtex_v8_ts_avg_log2TPM.gsa.out	Brain_Hippocampus	COVAR	16907	0.13216	0.22265	0.014695	1.3387e-19	Brain_Hippocampus	COVAR	True	1.3387e-19	54	0.000925925925925926	9.036225e-19	True	True	8.0	0.13216	True	True	True
EUR	FUMA_PLEIO_MDD_EA_CF	EUR/FUMA_PLEIO_MDD_EA_CF	EUR/MDD_3TRAIT	MDD_3TRAIT	explicit_manifest	MDD_3TRAIT	explicit_manifest	gtex_v8_specific_tissue	/home/ec2-user/project2/RESULTS/FUMA/FUMA/EUR/FUMA_PLEIO_MDD_EA_CF/magma_exp_gtex_v8_ts_avg_log2TPM.gsa.out	Brain_Hypothalamus	COVAR	16907	0.13502	0.23111	0.014855	5.5937e-20	Brain_Hypothalamus	COVAR	True	5.593700000000001e-20	54	0.000925925925925926	4.3151400000000008e-19	True	True	7.0	0.13502	True	True	True
EUR	FUMA_PLEIO_MDD_EA_CF	EUR/FUMA_PLEIO_MDD_EA_CF	EUR/MDD_3TRAIT	MDD_3TRAIT	explicit_manifest	MDD_3TRAIT	explicit_manifest	gtex_v8_specific_tissue	/home/ec2-user/project2/RESULTS/FUMA/FUMA/EUR/FUMA_PLEIO_MDD_EA_CF/magma_exp_gtex_v8_ts_avg_log2TPM.gsa.out	Brain_Nucleus_accumbens_basa...	COVAR	16907	0.12992	0.22428	0.013945	6.7817e-21	Brain_Nucleus_accumbens_basal_ganglia	COVAR	True	6.7817e-21	54	0.000925925925925926	6.10353e-20	True	True	6.0	0.12992	True	True	True
EUR	FUMA_PLEIO_MDD_EA_CF	EUR/FUMA_PLEIO_MDD_EA_CF	EUR/MDD_3TRAIT	MDD_3TRAIT	explicit_manifest	MDD_3TRAIT	explicit_manifest	gtex_v8_specific_tissue	/home/ec2-user/project2/RESULTS/FUMA/FUMA/EUR/FUMA_PLEIO_MDD_EA_CF/magma_exp_gtex_v8_ts_avg_log2TPM.gsa.out	Brain_Putamen_basal_ganglia	COVAR	16907	0.12067	0.20439	0.014578	6.7957e-17	Brain_Putamen_basal_ganglia	COVAR	True	6.7957e-17	54	0.000925925925925926	3.336070909090909e-16	True	True	11.0	0.12067	True	True	True
EUR	FUMA_PLEIO_MDD_EA_CF	EUR/FUMA_PLEIO_MDD_EA_CF	EUR/MDD_3TRAIT	MDD_3TRAIT	explicit_manifest	MDD_3TRAIT	explicit_manifest	gtex_v8_specific_tissue	/home/ec2-user/project2/RESULTS/FUMA/FUMA/EUR/FUMA_PLEIO_MDD_EA_CF/magma_exp_gtex_v8_ts_avg_log2TPM.gsa.out	Brain_Spinal_cord_cervical_c...	COVAR	16907	0.087245	0.15611	0.015804	1.7174e-08	Brain_Spinal_cord_cervical_c-1	COVAR	True	1.7174e-08	54	0.000925925925925926	6.624257142857142e-08	True	True	14.0	0.087245	True	True	True
EUR	FUMA_PLEIO_MDD_EA_CF	EUR/FUMA_PLEIO_MDD_EA_CF	EUR/MDD_3TRAIT	MDD_3TRAIT	explicit_manifest	MDD_3TRAIT	explicit_manifest	gtex_v8_specific_tissue	/home/ec2-user/project2/RESULTS/FUMA/FUMA/EUR/FUMA_PLEIO_MDD_EA_CF/magma_exp_gtex_v8_ts_avg_log2TPM.gsa.out	Brain_Substantia_nigra	COVAR	16907	0.094494	0.16193	0.015756	1.0249e-09	Brain_Substantia_nigra	COVAR	True	1.0249e-09	54	0.000925925925925926	4.257276923076923e-09	True	True	13.0	0.094494	True	True	True
EUR	FUMA_PLEIO_MDD_EA_CF	EUR/FUMA_PLEIO_MDD_EA_CF	EUR/MDD_3TRAIT	MDD_3TRAIT	explicit_manifest	MDD_3TRAIT	explicit_manifest	gtex_v8_specific_tissue	/home/ec2-user/project2/RESULTS/FUMA/FUMA/EUR/FUMA_PLEIO_MDD_EA_CF/magma_exp_gtex_v8_ts_avg_log2TPM.gsa.out	Pituitary	COVAR	16907	0.10078	0.18667	0.016357	3.6987e-10	Pituitary	COVAR	True	3.6987e-10	54	0.000925925925925926	1.664415e-09	True	True	12.0	0.10078	True	True	True
EUR	FUMA_PLEIO_SCZ_EA_CF	EUR/FUMA_PLEIO_SCZ_EA_CF	EUR/SCZ_3TRAIT	SCZ_3TRAIT	explicit_manifest	SCZ_3TRAIT	explicit_manifest	gtex_v8_specific_tissue	/home/ec2-user/project2/RESULTS/FUMA/FUMA/EUR/FUMA_PLEIO_SCZ_EA_CF/magma_exp_gtex_v8_ts_avg_log2TPM.gsa.out	Brain_Amygdala	COVAR	16907	0.11976	0.20302	0.014548	9.8997e-17	Brain_Amygdala	COVAR	True	9.8997e-17	54	0.000925925925925926	5.345838e-16	True	True	10.0	0.11976	True	True	True
EUR	FUMA_PLEIO_SCZ_EA_CF	EUR/FUMA_PLEIO_SCZ_EA_CF	EUR/SCZ_3TRAIT	SCZ_3TRAIT	explicit_manifest	SCZ_3TRAIT	explicit_manifest	gtex_v8_specific_tissue	/home/ec2-user/project2/RESULTS/FUMA/FUMA/EUR/FUMA_PLEIO_SCZ_EA_CF/magma_exp_gtex_v8_ts_avg_log2TPM.gsa.out	Brain_Anterior_cingulate_cor...	COVAR	16907	0.13113	0.2305	0.013385	6.7437e-23	Brain_Anterior_cingulate_cortex_BA24	COVAR	True	6.7437e-23	54	0.000925925925925926	7.283196e-22	True	True	5.0	0.13113	True	True	True
EUR	FUMA_PLEIO_SCZ_EA_CF	EUR/FUMA_PLEIO_SCZ_EA_CF	EUR/SCZ_3TRAIT	SCZ_3TRAIT	explicit_manifest	SCZ_3TRAIT	explicit_manifest	gtex_v8_specific_tissue	/home/ec2-user/project2/RESULTS/FUMA/FUMA/EUR/FUMA_PLEIO_SCZ_EA_CF/magma_exp_gtex_v8_ts_avg_log2TPM.gsa.out	Brain_Caudate_basal_ganglia	COVAR	16907	0.12223	0.21005	0.014578	2.757e-17	Brain_Caudate_basal_ganglia	COVAR	True	2.757e-17	54	0.000925925925925926	1.6542e-16	True	True	9.0	0.12223	True	True	True
EUR	FUMA_PLEIO_SCZ_EA_CF	EUR/FUMA_PLEIO_SCZ_EA_CF	EUR/SCZ_3TRAIT	SCZ_3TRAIT	explicit_manifest	SCZ_3TRAIT	explicit_manifest	gtex_v8_specific_tissue	/home/ec2-user/project2/RESULTS/FUMA/FUMA/EUR/FUMA_PLEIO_SCZ_EA_CF/magma_exp_gtex_v8_ts_avg_log2TPM.gsa.out	Brain_Cerebellar_Hemisphere	COVAR	16907	0.13341	0.26676	0.011167	4.7226e-33	Brain_Cerebellar_Hemisphere	COVAR	True	4.7226e-33	54	0.000925925925925926	2.5502039999999998e-31	True	True	1.0	0.13341	True	True	True
EUR	FUMA_PLEIO_SCZ_EA_CF	EUR/FUMA_PLEIO_SCZ_EA_CF	EUR/SCZ_3TRAIT	SCZ_3TRAIT	explicit_manifest	SCZ_3TRAIT	explicit_manifest	gtex_v8_specific_tissue	/home/ec2-user/project2/RESULTS/FUMA/FUMA/EUR/FUMA_PLEIO_SCZ_EA_CF/magma_exp_gtex_v8_ts_avg_log2TPM.gsa.out	Brain_Cerebellum	COVAR	16907	0.13469	0.26635	0.011513	8.7636e-32	Brain_Cerebellum	COVAR	True	8.7636e-32	54	0.000925925925925926	2.366172e-30	True	True	2.0	0.13469	True	True	True
EUR	FUMA_PLEIO_SCZ_EA_CF	EUR/FUMA_PLEIO_SCZ_EA_CF	EUR/SCZ_3TRAIT	SCZ_3TRAIT	explicit_manifest	SCZ_3TRAIT	explicit_manifest	gtex_v8_specific_tissue	/home/ec2-user/project2/RESULTS/FUMA/FUMA/EUR/FUMA_PLEIO_SCZ_EA_CF/magma_exp_gtex_v8_ts_avg_log2TPM.gsa.out	Brain_Cortex	COVAR	16907	0.1429	0.2593	0.013214	1.8395e-27	Brain_Cortex	COVAR	True	1.8395e-27	54	0.000925925925925926	2.4833249999999998e-26	True	True	4.0	0.1429	True	True	True
EUR	FUMA_PLEIO_SCZ_EA_CF	EUR/FUMA_PLEIO_SCZ_EA_CF	EUR/SCZ_3TRAIT	SCZ_3TRAIT	explicit_manifest	SCZ_3TRAIT	explicit_manifest	gtex_v8_specific_tissue	/home/ec2-user/project2/RESULTS/FUMA/FUMA/EUR/FUMA_PLEIO_SCZ_EA_CF/magma_exp_gtex_v8_ts_avg_log2TPM.gsa.out	Brain_Frontal_Cortex_BA9	COVAR	16907	0.14216	0.26062	0.012728	3.7394e-29	Brain_Frontal_Cortex_BA9	COVAR	True	3.7394e-29	54	0.000925925925925926	6.73092e-28	True	True	3.0	0.14216	True	True	True
EUR	FUMA_PLEIO_SCZ_EA_CF	EUR/FUMA_PLEIO_SCZ_EA_CF	EUR/SCZ_3TRAIT	SCZ_3TRAIT	explicit_manifest	SCZ_3TRAIT	explicit_manifest	gtex_v8_specific_tissue	/home/ec2-user/project2/RESULTS/FUMA/FUMA/EUR/FUMA_PLEIO_SCZ_EA_CF/magma_exp_gtex_v8_ts_avg_log2TPM.gsa.out	Brain_Hippocampus	COVAR	16907	0.12827	0.2161	0.014822	2.7363e-18	Brain_Hippocampus	COVAR	True	2.7363e-18	54	0.000925925925925926	2.11086e-17	True	True	7.0	0.12827	True	True	True
EUR	FUMA_PLEIO_SCZ_EA_CF	EUR/FUMA_PLEIO_SCZ_EA_CF	EUR/SCZ_3TRAIT	SCZ_3TRAIT	explicit_manifest	SCZ_3TRAIT	explicit_manifest	gtex_v8_specific_tissue	/home/ec2-user/project2/RESULTS/FUMA/FUMA/EUR/FUMA_PLEIO_SCZ_EA_CF/magma_exp_gtex_v8_ts_avg_log2TPM.gsa.out	Brain_Hypothalamus	COVAR	16907	0.12786	0.21886	0.014985	7.8301e-18	Brain_Hypothalamus	COVAR	True	7.8301e-18	54	0.000925925925925926	5.2853175e-17	True	True	8.0	0.12786	True	True	True
EUR	FUMA_PLEIO_SCZ_EA_CF	EUR/FUMA_PLEIO_SCZ_EA_CF	EUR/SCZ_3TRAIT	SCZ_3TRAIT	explicit_manifest	SCZ_3TRAIT	explicit_manifest	gtex_v8_specific_tissue	/home/ec2-user/project2/RESULTS/FUMA/FUMA/EUR/FUMA_PLEIO_SCZ_EA_CF/magma_exp_gtex_v8_ts_avg_log2TPM.gsa.out	Brain_Nucleus_accumbens_basa...	COVAR	16907	0.1272	0.21958	0.014065	8.4686e-20	Brain_Nucleus_accumbens_basal_ganglia	COVAR	True	8.4686e-20	54	0.000925925925925926	7.621740000000001e-19	True	True	6.0	0.1272	True	True	True
EUR	FUMA_PLEIO_SCZ_EA_CF	EUR/FUMA_PLEIO_SCZ_EA_CF	EUR/SCZ_3TRAIT	SCZ_3TRAIT	explicit_manifest	SCZ_3TRAIT	explicit_manifest	gtex_v8_specific_tissue	/home/ec2-user/project2/RESULTS/FUMA/FUMA/EUR/FUMA_PLEIO_SCZ_EA_CF/magma_exp_gtex_v8_ts_avg_log2TPM.gsa.out	Brain_Putamen_basal_ganglia	COVAR	16907	0.11269	0.19086	0.014706	9.6606e-15	Brain_Putamen_basal_ganglia	COVAR	True	9.6606e-15	54	0.000925925925925926	4.742476363636363e-14	True	True	11.0	0.11269	True	True	True
EUR	FUMA_PLEIO_SCZ_EA_CF	EUR/FUMA_PLEIO_SCZ_EA_CF	EUR/SCZ_3TRAIT	SCZ_3TRAIT	explicit_manifest	SCZ_3TRAIT	explicit_manifest	gtex_v8_specific_tissue	/home/ec2-user/project2/RESULTS/FUMA/FUMA/EUR/FUMA_PLEIO_SCZ_EA_CF/magma_exp_gtex_v8_ts_avg_log2TPM.gsa.out	Brain_Spinal_cord_cervical_c...	COVAR	16907	0.084971	0.15204	0.015938	4.9456e-08	Brain_Spinal_cord_cervical_c-1	COVAR	True	4.9456e-08	54	0.000925925925925926	1.9075885714285714e-07	True	True	14.0	0.084971	True	True	True
EUR	FUMA_PLEIO_SCZ_EA_CF	EUR/FUMA_PLEIO_SCZ_EA_CF	EUR/SCZ_3TRAIT	SCZ_3TRAIT	explicit_manifest	SCZ_3TRAIT	explicit_manifest	gtex_v8_specific_tissue	/home/ec2-user/project2/RESULTS/FUMA/FUMA/EUR/FUMA_PLEIO_SCZ_EA_CF/magma_exp_gtex_v8_ts_avg_log2TPM.gsa.out	Brain_Substantia_nigra	COVAR	16907	0.085749	0.14694	0.015892	3.4661e-08	Brain_Substantia_nigra	COVAR	True	3.4661e-08	54	0.000925925925925926	1.4397646153846154e-07	True	True	13.0	0.085749	True	True	True
EUR	FUMA_PLEIO_SCZ_EA_CF	EUR/FUMA_PLEIO_SCZ_EA_CF	EUR/SCZ_3TRAIT	SCZ_3TRAIT	explicit_manifest	SCZ_3TRAIT	explicit_manifest	gtex_v8_specific_tissue	/home/ec2-user/project2/RESULTS/FUMA/FUMA/EUR/FUMA_PLEIO_SCZ_EA_CF/magma_exp_gtex_v8_ts_avg_log2TPM.gsa.out	Pituitary	COVAR	16907	0.096403	0.17856	0.016497	2.6074e-09	Pituitary	COVAR	True	2.6074e-09	54	0.000925925925925926	1.17333e-08	True	True	12.0	0.096403	True	True	True
EAS	FUMA_EAS_4traitPLEIO	EAS/FUMA_EAS_4traitPLEIO	EAS/FOURTRAIT	FOURTRAIT	explicit_manifest	FOURTRAIT	explicit_manifest	gtex_v8_specific_tissue	/home/ec2-user/project2/RESULTS/PLEIO/EAS_summary/FUMA_EAS_4traitPLEIO/magma_exp_gtex_v8_ts_avg_log2TPM.gsa.out	Brain_Anterior_cingulate_cor...	COVAR	16419	0.038334	0.067227	0.011155	0.00029557	Brain_Anterior_cingulate_cortex_BA24	COVAR	True	0.00029557	54	0.000925925925925926	0.0031921560000000002	True	True	5.0	0.038334	True	True	True
EAS	FUMA_EAS_4traitPLEIO	EAS/FUMA_EAS_4traitPLEIO	EAS/FOURTRAIT	FOURTRAIT	explicit_manifest	FOURTRAIT	explicit_manifest	gtex_v8_specific_tissue	/home/ec2-user/project2/RESULTS/PLEIO/EAS_summary/FUMA_EAS_4traitPLEIO/magma_exp_gtex_v8_ts_avg_log2TPM.gsa.out	Brain_Cerebellar_Hemisphere	COVAR	16419	0.041795	0.083477	0.0093594	4.0224e-06	Brain_Cerebellar_Hemisphere	COVAR	True	4.0224e-06	54	0.000925925925925926	0.0001086048	True	True	2.0	0.041795	True	True	True
EAS	FUMA_EAS_4traitPLEIO	EAS/FUMA_EAS_4traitPLEIO	EAS/FOURTRAIT	FOURTRAIT	explicit_manifest	FOURTRAIT	explicit_manifest	gtex_v8_specific_tissue	/home/ec2-user/project2/RESULTS/PLEIO/EAS_summary/FUMA_EAS_4traitPLEIO/magma_exp_gtex_v8_ts_avg_log2TPM.gsa.out	Brain_Cerebellum	COVAR	16419	0.045018	0.088901	0.0096504	1.5575e-06	Brain_Cerebellum	COVAR	True	1.5575e-06	54	0.000925925925925926	8.4105e-05	True	True	1.0	0.045018	True	True	True
EAS	FUMA_EAS_4traitPLEIO	EAS/FUMA_EAS_4traitPLEIO	EAS/FOURTRAIT	FOURTRAIT	explicit_manifest	FOURTRAIT	explicit_manifest	gtex_v8_specific_tissue	/home/ec2-user/project2/RESULTS/PLEIO/EAS_summary/FUMA_EAS_4traitPLEIO/magma_exp_gtex_v8_ts_avg_log2TPM.gsa.out	Brain_Cortex	COVAR	16419	0.041952	0.075945	0.010997	6.8394e-05	Brain_Cortex	COVAR	True	6.8394e-05	54	0.000925925925925926	0.0009233189999999999	True	True	4.0	0.041952	True	True	True
EAS	FUMA_EAS_4traitPLEIO	EAS/FUMA_EAS_4traitPLEIO	EAS/FOURTRAIT	FOURTRAIT	explicit_manifest	FOURTRAIT	explicit_manifest	gtex_v8_specific_tissue	/home/ec2-user/project2/RESULTS/PLEIO/EAS_summary/FUMA_EAS_4traitPLEIO/magma_exp_gtex_v8_ts_avg_log2TPM.gsa.out	Brain_Frontal_Cortex_BA9	COVAR	16419	0.041664	0.076231	0.010595	4.2267e-05	Brain_Frontal_Cortex_BA9	COVAR	True	4.2267e-05	54	0.000925925925925926	0.000760806	True	True	3.0	0.041664	True	True	True
EAS	FUMA_EAS_3traitPLEIO_MDD_EA_CF	EAS/FUMA_EAS_3traitPLEIO_MDD_EA_CF	EAS/MDD_3TRAIT	MDD_3TRAIT	explicit_manifest	MDD_3TRAIT	explicit_manifest	gtex_v8_specific_tissue	/home/ec2-user/project2/RESULTS/PLEIO/EAS_summary/FUMA_EAS_3traitPLEIO_MDD_EA_CF/magma_exp_gtex_v8_ts_avg_log2TPM.gsa.out	Brain_Anterior_cingulate_cor...	COVAR	16419	0.0366	0.064186	0.01138	0.00065088	Brain_Anterior_cingulate_cortex_BA24	COVAR	True	0.00065088	54	0.000925925925925926	0.007029503999999999	True	True	5.0	0.0366	True	True	True
EAS	FUMA_EAS_3traitPLEIO_MDD_EA_CF	EAS/FUMA_EAS_3traitPLEIO_MDD_EA_CF	EAS/MDD_3TRAIT	MDD_3TRAIT	explicit_manifest	MDD_3TRAIT	explicit_manifest	gtex_v8_specific_tissue	/home/ec2-user/project2/RESULTS/PLEIO/EAS_summary/FUMA_EAS_3traitPLEIO_MDD_EA_CF/magma_exp_gtex_v8_ts_avg_log2TPM.gsa.out	Brain_Cerebellar_Hemisphere	COVAR	16419	0.03174	0.063394	0.0095502	0.00044562	Brain_Cerebellar_Hemisphere	COVAR	True	0.00044562	54	0.000925925925925926	0.0060158699999999996	True	True	4.0	0.03174	True	True	True
EAS	FUMA_EAS_3traitPLEIO_MDD_EA_CF	EAS/FUMA_EAS_3traitPLEIO_MDD_EA_CF	EAS/MDD_3TRAIT	MDD_3TRAIT	explicit_manifest	MDD_3TRAIT	explicit_manifest	gtex_v8_specific_tissue	/home/ec2-user/project2/RESULTS/PLEIO/EAS_summary/FUMA_EAS_3traitPLEIO_MDD_EA_CF/magma_exp_gtex_v8_ts_avg_log2TPM.gsa.out	Brain_Cerebellum	COVAR	16419	0.033404	0.065965	0.0098476	0.00034776	Brain_Cerebellum	COVAR	True	0.00034776	54	0.000925925925925926	0.0060158699999999996	True	True	3.0	0.033404	True	True	True
EAS	FUMA_EAS_3traitPLEIO_MDD_EA_CF	EAS/FUMA_EAS_3traitPLEIO_MDD_EA_CF	EAS/MDD_3TRAIT	MDD_3TRAIT	explicit_manifest	MDD_3TRAIT	explicit_manifest	gtex_v8_specific_tissue	/home/ec2-user/project2/RESULTS/PLEIO/EAS_summary/FUMA_EAS_3traitPLEIO_MDD_EA_CF/magma_exp_gtex_v8_ts_avg_log2TPM.gsa.out	Brain_Cortex	COVAR	16419	0.038136	0.069036	0.011219	0.00033872	Brain_Cortex	COVAR	True	0.00033872	54	0.000925925925925926	0.0060158699999999996	True	True	2.0	0.038136	True	True	True
EAS	FUMA_EAS_3traitPLEIO_MDD_EA_CF	EAS/FUMA_EAS_3traitPLEIO_MDD_EA_CF	EAS/MDD_3TRAIT	MDD_3TRAIT	explicit_manifest	MDD_3TRAIT	explicit_manifest	gtex_v8_specific_tissue	/home/ec2-user/project2/RESULTS/PLEIO/EAS_summary/FUMA_EAS_3traitPLEIO_MDD_EA_CF/magma_exp_gtex_v8_ts_avg_log2TPM.gsa.out	Brain_Frontal_Cortex_BA9	COVAR	16419	0.038431	0.070316	0.010809	0.00018927	Brain_Frontal_Cortex_BA9	COVAR	True	0.00018927	54	0.000925925925925926	0.0060158699999999996	True	True	1.0	0.038431	True	True	True
EAS	FUMA_EAS_3traitPLEIO_SCZ_EA_CF	EAS/FUMA_EAS_3traitPLEIO_SCZ_EA_CF	EAS/SCZ_3TRAIT	SCZ_3TRAIT	explicit_manifest	SCZ_3TRAIT	explicit_manifest	gtex_v8_specific_tissue	/home/ec2-user/project2/RESULTS/PLEIO/EAS_summary/FUMA_EAS_3traitPLEIO_SCZ_EA_CF/magma_exp_gtex_v8_ts_avg_log2TPM.gsa.out	Brain_Anterior_cingulate_cor...	COVAR	16419	0.039175	0.068701	0.011164	0.00022543	Brain_Anterior_cingulate_cortex_BA24	COVAR	True	0.00022543	54	0.000925925925925926	0.0024346439999999997	True	True	5.0	0.039175	True	True	True
EAS	FUMA_EAS_3traitPLEIO_SCZ_EA_CF	EAS/FUMA_EAS_3traitPLEIO_SCZ_EA_CF	EAS/SCZ_3TRAIT	SCZ_3TRAIT	explicit_manifest	SCZ_3TRAIT	explicit_manifest	gtex_v8_specific_tissue	/home/ec2-user/project2/RESULTS/PLEIO/EAS_summary/FUMA_EAS_3traitPLEIO_SCZ_EA_CF/magma_exp_gtex_v8_ts_avg_log2TPM.gsa.out	Brain_Cerebellar_Hemisphere	COVAR	16419	0.041011	0.081911	0.0093667	6.019e-06	Brain_Cerebellar_Hemisphere	COVAR	True	6.019e-06	54	0.000925925925925926	0.000162513	True	True	2.0	0.041011	True	True	True
EAS	FUMA_EAS_3traitPLEIO_SCZ_EA_CF	EAS/FUMA_EAS_3traitPLEIO_SCZ_EA_CF	EAS/SCZ_3TRAIT	SCZ_3TRAIT	explicit_manifest	SCZ_3TRAIT	explicit_manifest	gtex_v8_specific_tissue	/home/ec2-user/project2/RESULTS/PLEIO/EAS_summary/FUMA_EAS_3traitPLEIO_SCZ_EA_CF/magma_exp_gtex_v8_ts_avg_log2TPM.gsa.out	Brain_Cerebellum	COVAR	16419	0.044019	0.086929	0.009658	2.6052e-06	Brain_Cerebellum	COVAR	True	2.6052e-06	54	0.000925925925925926	0.00014068080000000002	True	True	1.0	0.044019	True	True	True
EAS	FUMA_EAS_3traitPLEIO_SCZ_EA_CF	EAS/FUMA_EAS_3traitPLEIO_SCZ_EA_CF	EAS/SCZ_3TRAIT	SCZ_3TRAIT	explicit_manifest	SCZ_3TRAIT	explicit_manifest	gtex_v8_specific_tissue	/home/ec2-user/project2/RESULTS/PLEIO/EAS_summary/FUMA_EAS_3traitPLEIO_SCZ_EA_CF/magma_exp_gtex_v8_ts_avg_log2TPM.gsa.out	Brain_Cortex	COVAR	16419	0.042076	0.076169	0.011005	6.6098e-05	Brain_Cortex	COVAR	True	6.6098e-05	54	0.000925925925925926	0.000892323	True	True	4.0	0.042076	True	True	True
EAS	FUMA_EAS_3traitPLEIO_SCZ_EA_CF	EAS/FUMA_EAS_3traitPLEIO_SCZ_EA_CF	EAS/SCZ_3TRAIT	SCZ_3TRAIT	explicit_manifest	SCZ_3TRAIT	explicit_manifest	gtex_v8_specific_tissue	/home/ec2-user/project2/RESULTS/PLEIO/EAS_summary/FUMA_EAS_3traitPLEIO_SCZ_EA_CF/magma_exp_gtex_v8_ts_avg_log2TPM.gsa.out	Brain_Frontal_Cortex_BA9	COVAR	16419	0.042063	0.076961	0.010603	3.6567e-05	Brain_Frontal_Cortex_BA9	COVAR	True	3.6567e-05	54	0.000925925925925926	0.000658206	True	True	3.0	0.042063	True	True	True
