ancestry	run_label_raw	run_relative_path	run_key	canonical_label_auto	canonical_label_status_auto	canonical_label_final	canonical_label_status_final	result_type	source_file	VARIABLE	TYPE	NGENES	BETA	BETA_STD	SE	P	FULL_NAME	expected_magma_type	included_in_correction	p_numeric	n_tests_in_file	bonferroni_threshold	p_bh	significant_bonferroni	significant_fdr	p_rank_within_file	beta_numeric	positive_beta	significant_bonferroni_positive	significant_fdr_positive
EAS	EDU	EDU	EAS/EDU	EA	inferred_exact	EA	strict_path_allowlist	gtex_v8_specific_tissue	/home/ec2-user/project2/RESULTS/FUMA/FUMA/EAS/EDU/magma_exp_gtex_v8_ts_avg_log2TPM.gsa.out	Brain_Cerebellar_Hemisphere	COVAR	17212	0.027655	0.05543	0.0063791	7.3252e-06	Brain_Cerebellar_Hemisphere	COVAR	True	7.3252e-06	54	0.000925925925925926	0.0002141694	True	True	1.0	0.027655	True	True	True
EAS	EDU	EDU	EAS/EDU	EA	inferred_exact	EA	strict_path_allowlist	gtex_v8_specific_tissue	/home/ec2-user/project2/RESULTS/FUMA/FUMA/EAS/EDU/magma_exp_gtex_v8_ts_avg_log2TPM.gsa.out	Brain_Cerebellum	COVAR	17212	0.028395	0.056299	0.0065764	7.9322e-06	Brain_Cerebellum	COVAR	True	7.9322e-06	54	0.000925925925925926	0.0002141694	True	True	2.0	0.028395	True	True	True
EAS	SCZ	SCZ	EAS/SCZ	SCZ	inferred_exact	SCZ	strict_path_allowlist	gtex_v8_specific_tissue	/home/ec2-user/project2/RESULTS/FUMA/FUMA/EAS/SCZ/magma_exp_gtex_v8_ts_avg_log2TPM.gsa.out	Brain_Anterior_cingulate_cor...	COVAR	17352	0.023787	0.042028	0.0075461	0.00081163	Brain_Anterior_cingulate_cortex_BA24	COVAR	True	0.00081163	54	0.000925925925925926	0.008765604	True	True	5.0	0.023787	True	True	True
EAS	SCZ	SCZ	EAS/SCZ	SCZ	inferred_exact	SCZ	strict_path_allowlist	gtex_v8_specific_tissue	/home/ec2-user/project2/RESULTS/FUMA/FUMA/EAS/SCZ/magma_exp_gtex_v8_ts_avg_log2TPM.gsa.out	Brain_Cerebellar_Hemisphere	COVAR	17352	0.026666	0.053522	0.0063707	1.4283e-05	Brain_Cerebellar_Hemisphere	COVAR	True	1.4283e-05	54	0.000925925925925926	0.000771282	True	True	1.0	0.026666	True	True	True
EAS	SCZ	SCZ	EAS/SCZ	SCZ	inferred_exact	SCZ	strict_path_allowlist	gtex_v8_specific_tissue	/home/ec2-user/project2/RESULTS/FUMA/FUMA/EAS/SCZ/magma_exp_gtex_v8_ts_avg_log2TPM.gsa.out	Brain_Cerebellum	COVAR	17352	0.025999	0.051625	0.0065674	3.782e-05	Brain_Cerebellum	COVAR	True	3.782e-05	54	0.000925925925925926	0.00102114	True	True	2.0	0.025999	True	True	True
EAS	SCZ	SCZ	EAS/SCZ	SCZ	inferred_exact	SCZ	strict_path_allowlist	gtex_v8_specific_tissue	/home/ec2-user/project2/RESULTS/FUMA/FUMA/EAS/SCZ/magma_exp_gtex_v8_ts_avg_log2TPM.gsa.out	Brain_Cortex	COVAR	17352	0.024882	0.045389	0.007468	0.00043236	Brain_Cortex	COVAR	True	0.00043236	54	0.000925925925925926	0.00583686	True	True	4.0	0.024882	True	True	True
EAS	SCZ	SCZ	EAS/SCZ	SCZ	inferred_exact	SCZ	strict_path_allowlist	gtex_v8_specific_tissue	/home/ec2-user/project2/RESULTS/FUMA/FUMA/EAS/SCZ/magma_exp_gtex_v8_ts_avg_log2TPM.gsa.out	Brain_Frontal_Cortex_BA9	COVAR	17352	0.026772	0.049345	0.0071967	9.9938e-05	Brain_Frontal_Cortex_BA9	COVAR	True	9.9938e-05	54	0.000925925925925926	0.001798884	True	True	3.0	0.026772	True	True	True
EUR	EDU	EDU	EUR/EDU	EA	inferred_exact	EA	strict_path_allowlist	gtex_v8_specific_tissue	/home/ec2-user/project2/RESULTS/FUMA/FUMA/EUR/EDU/magma_exp_gtex_v8_ts_avg_log2TPM.gsa.out	Brain_Amygdala	COVAR	17276	0.082276	0.14009	0.011678	9.5996e-13	Brain_Amygdala	COVAR	True	9.5996e-13	54	0.000925925925925926	5.759760000000001e-12	True	True	9.0	0.082276	True	True	True
EUR	EDU	EDU	EUR/EDU	EA	inferred_exact	EA	strict_path_allowlist	gtex_v8_specific_tissue	/home/ec2-user/project2/RESULTS/FUMA/FUMA/EUR/EDU/magma_exp_gtex_v8_ts_avg_log2TPM.gsa.out	Brain_Anterior_cingulate_cor...	COVAR	17276	0.090868	0.16041	0.01078	1.8792e-17	Brain_Anterior_cingulate_cortex_BA24	COVAR	True	1.8792e-17	54	0.000925925925925926	2.0295360000000002e-16	True	True	5.0	0.090868	True	True	True
EUR	EDU	EDU	EUR/EDU	EA	inferred_exact	EA	strict_path_allowlist	gtex_v8_specific_tissue	/home/ec2-user/project2/RESULTS/FUMA/FUMA/EUR/EDU/magma_exp_gtex_v8_ts_avg_log2TPM.gsa.out	Brain_Caudate_basal_ganglia	COVAR	17276	0.080571	0.13909	0.011736	3.4321e-12	Brain_Caudate_basal_ganglia	COVAR	True	3.4321e-12	54	0.000925925925925926	1.853334e-11	True	True	10.0	0.080571	True	True	True
EUR	EDU	EDU	EUR/EDU	EA	inferred_exact	EA	strict_path_allowlist	gtex_v8_specific_tissue	/home/ec2-user/project2/RESULTS/FUMA/FUMA/EUR/EDU/magma_exp_gtex_v8_ts_avg_log2TPM.gsa.out	Brain_Cerebellar_Hemisphere	COVAR	17276	0.096126	0.19281	0.0090472	1.3877e-26	Brain_Cerebellar_Hemisphere	COVAR	True	1.3877e-26	54	0.000925925925925926	7.493580000000001e-25	True	True	1.0	0.096126	True	True	True
EUR	EDU	EDU	EUR/EDU	EA	inferred_exact	EA	strict_path_allowlist	gtex_v8_specific_tissue	/home/ec2-user/project2/RESULTS/FUMA/FUMA/EUR/EDU/magma_exp_gtex_v8_ts_avg_log2TPM.gsa.out	Brain_Cerebellum	COVAR	17276	0.096154	0.19079	0.0093222	3.6079e-25	Brain_Cerebellum	COVAR	True	3.6079000000000005e-25	54	0.000925925925925926	9.741330000000002e-24	True	True	2.0	0.096154	True	True	True
EUR	EDU	EDU	EUR/EDU	EA	inferred_exact	EA	strict_path_allowlist	gtex_v8_specific_tissue	/home/ec2-user/project2/RESULTS/FUMA/FUMA/EUR/EDU/magma_exp_gtex_v8_ts_avg_log2TPM.gsa.out	Brain_Cortex	COVAR	17276	0.097951	0.17851	0.010668	2.3698e-20	Brain_Cortex	COVAR	True	2.3698e-20	54	0.000925925925925926	3.19923e-19	True	True	4.0	0.097951	True	True	True
EUR	EDU	EDU	EUR/EDU	EA	inferred_exact	EA	strict_path_allowlist	gtex_v8_specific_tissue	/home/ec2-user/project2/RESULTS/FUMA/FUMA/EUR/EDU/magma_exp_gtex_v8_ts_avg_log2TPM.gsa.out	Brain_Frontal_Cortex_BA9	COVAR	17276	0.098627	0.18159	0.010286	5.1046e-22	Brain_Frontal_Cortex_BA9	COVAR	True	5.1046e-22	54	0.000925925925925926	9.18828e-21	True	True	3.0	0.098627	True	True	True
EUR	EDU	EDU	EUR/EDU	EA	inferred_exact	EA	strict_path_allowlist	gtex_v8_specific_tissue	/home/ec2-user/project2/RESULTS/FUMA/FUMA/EUR/EDU/magma_exp_gtex_v8_ts_avg_log2TPM.gsa.out	Brain_Hippocampus	COVAR	17276	0.088975	0.15059	0.011878	3.6023e-14	Brain_Hippocampus	COVAR	True	3.6023e-14	54	0.000925925925925926	3.2420699999999997e-13	True	True	6.0	0.088975	True	True	True
EUR	EDU	EDU	EUR/EDU	EA	inferred_exact	EA	strict_path_allowlist	gtex_v8_specific_tissue	/home/ec2-user/project2/RESULTS/FUMA/FUMA/EUR/EDU/magma_exp_gtex_v8_ts_avg_log2TPM.gsa.out	Brain_Hypothalamus	COVAR	17276	0.088879	0.15288	0.012103	1.0905e-13	Brain_Hypothalamus	COVAR	True	1.0905e-13	54	0.000925925925925926	7.360875e-13	True	True	8.0	0.088879	True	True	True
EUR	EDU	EDU	EUR/EDU	EA	inferred_exact	EA	strict_path_allowlist	gtex_v8_specific_tissue	/home/ec2-user/project2/RESULTS/FUMA/FUMA/EUR/EDU/magma_exp_gtex_v8_ts_avg_log2TPM.gsa.out	Brain_Nucleus_accumbens_basa...	COVAR	17276	0.08462	0.14673	0.011342	4.5186e-14	Brain_Nucleus_accumbens_basal_ganglia	COVAR	True	4.5186e-14	54	0.000925925925925926	3.4857771428571427e-13	True	True	7.0	0.08462	True	True	True
EUR	EDU	EDU	EUR/EDU	EA	inferred_exact	EA	strict_path_allowlist	gtex_v8_specific_tissue	/home/ec2-user/project2/RESULTS/FUMA/FUMA/EUR/EDU/magma_exp_gtex_v8_ts_avg_log2TPM.gsa.out	Brain_Putamen_basal_ganglia	COVAR	17276	0.074046	0.12594	0.011816	1.8882e-10	Brain_Putamen_basal_ganglia	COVAR	True	1.8882e-10	54	0.000925925925925926	9.269345454545455e-10	True	True	11.0	0.074046	True	True	True
EUR	EDU	EDU	EUR/EDU	EA	inferred_exact	EA	strict_path_allowlist	gtex_v8_specific_tissue	/home/ec2-user/project2/RESULTS/FUMA/FUMA/EUR/EDU/magma_exp_gtex_v8_ts_avg_log2TPM.gsa.out	Brain_Spinal_cord_cervical_c...	COVAR	17276	0.055611	0.099894	0.012933	8.5876e-06	Brain_Spinal_cord_cervical_c-1	COVAR	True	8.5876e-06	54	0.000925925925925926	3.567156923076923e-05	True	True	13.0	0.055611	True	True	True
EUR	EDU	EDU	EUR/EDU	EA	inferred_exact	EA	strict_path_allowlist	gtex_v8_specific_tissue	/home/ec2-user/project2/RESULTS/FUMA/FUMA/EUR/EDU/magma_exp_gtex_v8_ts_avg_log2TPM.gsa.out	Brain_Substantia_nigra	COVAR	17276	0.054535	0.093832	0.012815	1.049e-05	Brain_Substantia_nigra	COVAR	True	1.049e-05	54	0.000925925925925926	4.046142857142857e-05	True	True	14.0	0.054535	True	True	True
EUR	EDU	EDU	EUR/EDU	EA	inferred_exact	EA	strict_path_allowlist	gtex_v8_specific_tissue	/home/ec2-user/project2/RESULTS/FUMA/FUMA/EUR/EDU/magma_exp_gtex_v8_ts_avg_log2TPM.gsa.out	Pituitary	COVAR	17276	0.066811	0.12445	0.013416	3.215e-07	Pituitary	COVAR	True	3.215e-07	54	0.000925925925925926	1.4467500000000002e-06	True	True	12.0	0.066811	True	True	True
EUR	EDU	EDU	EUR/EDU	EA	inferred_exact	EA	strict_path_allowlist	gtex_v8_specific_tissue	/home/ec2-user/project2/RESULTS/FUMA/FUMA/EUR/EDU/magma_exp_gtex_v8_ts_avg_log2TPM.gsa.out	Testis	COVAR	17276	0.028979	0.049982	0.0083204	0.00024867	Testis	COVAR	True	0.00024867	54	0.000925925925925926	0.0008952119999999999	True	True	15.0	0.028979	True	True	True
EUR	G	G	EUR/G	CF	inferred_exact	CF	strict_path_allowlist	gtex_v8_specific_tissue	/home/ec2-user/project2/RESULTS/FUMA/FUMA/EUR/G/magma_exp_gtex_v8_ts_avg_log2TPM.gsa.out	Brain_Amygdala	COVAR	17202	0.07193	0.12239	0.0098866	1.8053e-13	Brain_Amygdala	COVAR	True	1.8053e-13	54	0.000925925925925926	1.08318e-12	True	True	9.0	0.07193	True	True	True
EUR	G	G	EUR/G	CF	inferred_exact	CF	strict_path_allowlist	gtex_v8_specific_tissue	/home/ec2-user/project2/RESULTS/FUMA/FUMA/EUR/G/magma_exp_gtex_v8_ts_avg_log2TPM.gsa.out	Brain_Anterior_cingulate_cor...	COVAR	17202	0.07507	0.13242	0.0091278	1.0561e-16	Brain_Anterior_cingulate_cortex_BA24	COVAR	True	1.0561e-16	54	0.000925925925925926	1.140588e-15	True	True	5.0	0.07507	True	True	True
EUR	G	G	EUR/G	CF	inferred_exact	CF	strict_path_allowlist	gtex_v8_specific_tissue	/home/ec2-user/project2/RESULTS/FUMA/FUMA/EUR/G/magma_exp_gtex_v8_ts_avg_log2TPM.gsa.out	Brain_Caudate_basal_ganglia	COVAR	17202	0.069202	0.11936	0.0099427	1.7668e-12	Brain_Caudate_basal_ganglia	COVAR	True	1.7668e-12	54	0.000925925925925926	9.540719999999999e-12	True	True	10.0	0.069202	True	True	True
EUR	G	G	EUR/G	CF	inferred_exact	CF	strict_path_allowlist	gtex_v8_specific_tissue	/home/ec2-user/project2/RESULTS/FUMA/FUMA/EUR/G/magma_exp_gtex_v8_ts_avg_log2TPM.gsa.out	Brain_Cerebellar_Hemisphere	COVAR	17202	0.076435	0.15321	0.0077091	2.0893e-23	Brain_Cerebellar_Hemisphere	COVAR	True	2.0893e-23	54	0.000925925925925926	5.64111e-22	True	True	2.0	0.076435	True	True	True
EUR	G	G	EUR/G	CF	inferred_exact	CF	strict_path_allowlist	gtex_v8_specific_tissue	/home/ec2-user/project2/RESULTS/FUMA/FUMA/EUR/G/magma_exp_gtex_v8_ts_avg_log2TPM.gsa.out	Brain_Cerebellum	COVAR	17202	0.079264	0.15716	0.0079503	1.2063e-23	Brain_Cerebellum	COVAR	True	1.2063e-23	54	0.000925925925925926	5.64111e-22	True	True	1.0	0.079264	True	True	True
EUR	G	G	EUR/G	CF	inferred_exact	CF	strict_path_allowlist	gtex_v8_specific_tissue	/home/ec2-user/project2/RESULTS/FUMA/FUMA/EUR/G/magma_exp_gtex_v8_ts_avg_log2TPM.gsa.out	Brain_Cortex	COVAR	17202	0.084352	0.1536	0.0090312	5.4286e-21	Brain_Cortex	COVAR	True	5.4286e-21	54	0.000925925925925926	7.328609999999999e-20	True	True	4.0	0.084352	True	True	True
EUR	G	G	EUR/G	CF	inferred_exact	CF	strict_path_allowlist	gtex_v8_specific_tissue	/home/ec2-user/project2/RESULTS/FUMA/FUMA/EUR/G/magma_exp_gtex_v8_ts_avg_log2TPM.gsa.out	Brain_Frontal_Cortex_BA9	COVAR	17202	0.081563	0.15005	0.0087148	4.5366e-21	Brain_Frontal_Cortex_BA9	COVAR	True	4.5366e-21	54	0.000925925925925926	7.328609999999999e-20	True	True	3.0	0.081563	True	True	True
EUR	G	G	EUR/G	CF	inferred_exact	CF	strict_path_allowlist	gtex_v8_specific_tissue	/home/ec2-user/project2/RESULTS/FUMA/FUMA/EUR/G/magma_exp_gtex_v8_ts_avg_log2TPM.gsa.out	Brain_Hippocampus	COVAR	17202	0.077899	0.13174	0.010066	5.3167e-15	Brain_Hippocampus	COVAR	True	5.3167e-15	54	0.000925925925925926	3.5887725e-14	True	True	8.0	0.077899	True	True	True
EUR	G	G	EUR/G	CF	inferred_exact	CF	strict_path_allowlist	gtex_v8_specific_tissue	/home/ec2-user/project2/RESULTS/FUMA/FUMA/EUR/G/magma_exp_gtex_v8_ts_avg_log2TPM.gsa.out	Brain_Hypothalamus	COVAR	17202	0.079145	0.136	0.010222	5.1469e-15	Brain_Hypothalamus	COVAR	True	5.1469e-15	54	0.000925925925925926	3.5887725e-14	True	True	7.0	0.079145	True	True	True
EUR	G	G	EUR/G	CF	inferred_exact	CF	strict_path_allowlist	gtex_v8_specific_tissue	/home/ec2-user/project2/RESULTS/FUMA/FUMA/EUR/G/magma_exp_gtex_v8_ts_avg_log2TPM.gsa.out	Brain_Nucleus_accumbens_basa...	COVAR	17202	0.07455	0.12916	0.0096058	4.4679e-15	Brain_Nucleus_accumbens_basal_ganglia	COVAR	True	4.4679e-15	54	0.000925925925925926	3.5887725e-14	True	True	6.0	0.07455	True	True	True
EUR	G	G	EUR/G	CF	inferred_exact	CF	strict_path_allowlist	gtex_v8_specific_tissue	/home/ec2-user/project2/RESULTS/FUMA/FUMA/EUR/G/magma_exp_gtex_v8_ts_avg_log2TPM.gsa.out	Brain_Putamen_basal_ganglia	COVAR	17202	0.065874	0.11196	0.010011	2.4207e-11	Brain_Putamen_basal_ganglia	COVAR	True	2.4207e-11	54	0.000925925925925926	1.1883436363636363e-10	True	True	11.0	0.065874	True	True	True
EUR	G	G	EUR/G	CF	inferred_exact	CF	strict_path_allowlist	gtex_v8_specific_tissue	/home/ec2-user/project2/RESULTS/FUMA/FUMA/EUR/G/magma_exp_gtex_v8_ts_avg_log2TPM.gsa.out	Brain_Spinal_cord_cervical_c...	COVAR	17202	0.056492	0.10139	0.010916	1.1529e-07	Brain_Spinal_cord_cervical_c-1	COVAR	True	1.1529e-07	54	0.000925925925925926	4.4469e-07	True	True	14.0	0.056492	True	True	True
EUR	G	G	EUR/G	CF	inferred_exact	CF	strict_path_allowlist	gtex_v8_specific_tissue	/home/ec2-user/project2/RESULTS/FUMA/FUMA/EUR/G/magma_exp_gtex_v8_ts_avg_log2TPM.gsa.out	Brain_Substantia_nigra	COVAR	17202	0.056512	0.097157	0.010834	9.2538e-08	Brain_Substantia_nigra	COVAR	True	9.2538e-08	54	0.000925925925925926	3.843886153846154e-07	True	True	13.0	0.056512	True	True	True
EUR	G	G	EUR/G	CF	inferred_exact	CF	strict_path_allowlist	gtex_v8_specific_tissue	/home/ec2-user/project2/RESULTS/FUMA/FUMA/EUR/G/magma_exp_gtex_v8_ts_avg_log2TPM.gsa.out	Pituitary	COVAR	17202	0.065952	0.12271	0.01132	2.8882e-09	Pituitary	COVAR	True	2.8882e-09	54	0.000925925925925926	1.29969e-08	True	True	12.0	0.065952	True	True	True
EUR	MDD	MDD	EUR/MDD	MDD	inferred_exact	MDD	strict_path_allowlist	gtex_v8_specific_tissue	/home/ec2-user/project2/RESULTS/FUMA/FUMA/EUR/MDD/magma_exp_gtex_v8_ts_avg_log2TPM.gsa.out	Brain_Amygdala	COVAR	17002	0.053405	0.090639	0.009907	3.5616e-08	Brain_Amygdala	COVAR	True	3.5616e-08	54	0.000925925925925926	2.40408e-07	True	True	8.0	0.053405	True	True	True
EUR	MDD	MDD	EUR/MDD	MDD	inferred_exact	MDD	strict_path_allowlist	gtex_v8_specific_tissue	/home/ec2-user/project2/RESULTS/FUMA/FUMA/EUR/MDD/magma_exp_gtex_v8_ts_avg_log2TPM.gsa.out	Brain_Anterior_cingulate_cor...	COVAR	17002	0.061271	0.10782	0.0091208	9.5531e-12	Brain_Anterior_cingulate_cortex_BA24	COVAR	True	9.5531e-12	54	0.000925925925925926	1.0317348e-10	True	True	5.0	0.061271	True	True	True
EUR	MDD	MDD	EUR/MDD	MDD	inferred_exact	MDD	strict_path_allowlist	gtex_v8_specific_tissue	/home/ec2-user/project2/RESULTS/FUMA/FUMA/EUR/MDD/magma_exp_gtex_v8_ts_avg_log2TPM.gsa.out	Brain_Caudate_basal_ganglia	COVAR	17002	0.051033	0.087811	0.0099267	1.3833e-07	Brain_Caudate_basal_ganglia	COVAR	True	1.3833e-07	54	0.000925925925925926	8.2998e-07	True	True	9.0	0.051033	True	True	True
EUR	MDD	MDD	EUR/MDD	MDD	inferred_exact	MDD	strict_path_allowlist	gtex_v8_specific_tissue	/home/ec2-user/project2/RESULTS/FUMA/FUMA/EUR/MDD/magma_exp_gtex_v8_ts_avg_log2TPM.gsa.out	Brain_Cerebellar_Hemisphere	COVAR	17002	0.059153	0.11838	0.0076676	6.4361e-15	Brain_Cerebellar_Hemisphere	COVAR	True	6.4361e-15	54	0.000925925925925926	2.72952e-13	True	True	1.0	0.059153	True	True	True
EUR	MDD	MDD	EUR/MDD	MDD	inferred_exact	MDD	strict_path_allowlist	gtex_v8_specific_tissue	/home/ec2-user/project2/RESULTS/FUMA/FUMA/EUR/MDD/magma_exp_gtex_v8_ts_avg_log2TPM.gsa.out	Brain_Cerebellum	COVAR	17002	0.060106	0.11897	0.0079044	1.5164e-14	Brain_Cerebellum	COVAR	True	1.5164e-14	54	0.000925925925925926	2.72952e-13	True	True	3.0	0.060106	True	True	True
EUR	MDD	MDD	EUR/MDD	MDD	inferred_exact	MDD	strict_path_allowlist	gtex_v8_specific_tissue	/home/ec2-user/project2/RESULTS/FUMA/FUMA/EUR/MDD/magma_exp_gtex_v8_ts_avg_log2TPM.gsa.out	Brain_Cortex	COVAR	17002	0.06333	0.11505	0.0089993	1.022e-12	Brain_Cortex	COVAR	True	1.022e-12	54	0.000925925925925926	1.3797000000000002e-11	True	True	4.0	0.06333	True	True	True
EUR	MDD	MDD	EUR/MDD	MDD	inferred_exact	MDD	strict_path_allowlist	gtex_v8_specific_tissue	/home/ec2-user/project2/RESULTS/FUMA/FUMA/EUR/MDD/magma_exp_gtex_v8_ts_avg_log2TPM.gsa.out	Brain_Frontal_Cortex_BA9	COVAR	17002	0.06625	0.12159	0.0086692	1.1318e-14	Brain_Frontal_Cortex_BA9	COVAR	True	1.1318e-14	54	0.000925925925925926	2.72952e-13	True	True	2.0	0.06625	True	True	True
EUR	MDD	MDD	EUR/MDD	MDD	inferred_exact	MDD	strict_path_allowlist	gtex_v8_specific_tissue	/home/ec2-user/project2/RESULTS/FUMA/FUMA/EUR/MDD/magma_exp_gtex_v8_ts_avg_log2TPM.gsa.out	Brain_Hippocampus	COVAR	17002	0.048759	0.082252	0.010067	6.4474e-07	Brain_Hippocampus	COVAR	True	6.4474e-07	54	0.000925925925925926	3.4815959999999997e-06	True	True	10.0	0.048759	True	True	True
EUR	MDD	MDD	EUR/MDD	MDD	inferred_exact	MDD	strict_path_allowlist	gtex_v8_specific_tissue	/home/ec2-user/project2/RESULTS/FUMA/FUMA/EUR/MDD/magma_exp_gtex_v8_ts_avg_log2TPM.gsa.out	Brain_Hypothalamus	COVAR	17002	0.058083	0.09954	0.010222	6.7639e-09	Brain_Hypothalamus	COVAR	True	6.7639e-09	54	0.000925925925925926	5.2178657142857136e-08	True	True	7.0	0.058083	True	True	True
EUR	MDD	MDD	EUR/MDD	MDD	inferred_exact	MDD	strict_path_allowlist	gtex_v8_specific_tissue	/home/ec2-user/project2/RESULTS/FUMA/FUMA/EUR/MDD/magma_exp_gtex_v8_ts_avg_log2TPM.gsa.out	Brain_Nucleus_accumbens_basa...	COVAR	17002	0.054724	0.09458	0.0095953	5.9854e-09	Brain_Nucleus_accumbens_basal_ganglia	COVAR	True	5.9854e-09	54	0.000925925925925926	5.2178657142857136e-08	True	True	6.0	0.054724	True	True	True
EUR	MDD	MDD	EUR/MDD	MDD	inferred_exact	MDD	strict_path_allowlist	gtex_v8_specific_tissue	/home/ec2-user/project2/RESULTS/FUMA/FUMA/EUR/MDD/magma_exp_gtex_v8_ts_avg_log2TPM.gsa.out	Brain_Putamen_basal_ganglia	COVAR	17002	0.04502	0.076342	0.010018	3.5224e-06	Brain_Putamen_basal_ganglia	COVAR	True	3.5224e-06	54	0.000925925925925926	1.729178181818182e-05	True	True	11.0	0.04502	True	True	True
EUR	MDD	MDD	EUR/MDD	MDD	inferred_exact	MDD	strict_path_allowlist	gtex_v8_specific_tissue	/home/ec2-user/project2/RESULTS/FUMA/FUMA/EUR/MDD/magma_exp_gtex_v8_ts_avg_log2TPM.gsa.out	Brain_Substantia_nigra	COVAR	17002	0.040414	0.069324	0.010824	9.4617e-05	Brain_Substantia_nigra	COVAR	True	9.4617e-05	54	0.000925925925925926	0.0003930244615384616	True	True	13.0	0.040414	True	True	True
EUR	MDD	MDD	EUR/MDD	MDD	inferred_exact	MDD	strict_path_allowlist	gtex_v8_specific_tissue	/home/ec2-user/project2/RESULTS/FUMA/FUMA/EUR/MDD/magma_exp_gtex_v8_ts_avg_log2TPM.gsa.out	Pituitary	COVAR	17002	0.044252	0.08208	0.011323	4.6702e-05	Pituitary	COVAR	True	4.6702e-05	54	0.000925925925925926	0.00021015900000000002	True	True	12.0	0.044252	True	True	True
EUR	SCZ	SCZ	EUR/SCZ	SCZ	inferred_exact	SCZ	strict_path_allowlist	gtex_v8_specific_tissue	/home/ec2-user/project2/RESULTS/FUMA/FUMA/EUR/SCZ/magma_exp_gtex_v8_ts_avg_log2TPM.gsa.out	Brain_Amygdala	COVAR	17211	0.065987	0.11226	0.0098594	1.1314e-11	Brain_Amygdala	COVAR	True	1.1314e-11	54	0.000925925925925926	6.7884e-11	True	True	9.0	0.065987	True	True	True
EUR	SCZ	SCZ	EUR/SCZ	SCZ	inferred_exact	SCZ	strict_path_allowlist	gtex_v8_specific_tissue	/home/ec2-user/project2/RESULTS/FUMA/FUMA/EUR/SCZ/magma_exp_gtex_v8_ts_avg_log2TPM.gsa.out	Brain_Anterior_cingulate_cor...	COVAR	17211	0.073476	0.1296	0.0090756	3.0439e-16	Brain_Anterior_cingulate_cortex_BA24	COVAR	True	3.0439e-16	54	0.000925925925925926	3.287412e-15	True	True	5.0	0.073476	True	True	True
EUR	SCZ	SCZ	EUR/SCZ	SCZ	inferred_exact	SCZ	strict_path_allowlist	gtex_v8_specific_tissue	/home/ec2-user/project2/RESULTS/FUMA/FUMA/EUR/SCZ/magma_exp_gtex_v8_ts_avg_log2TPM.gsa.out	Brain_Caudate_basal_ganglia	COVAR	17211	0.066646	0.11495	0.009903	8.7818e-12	Brain_Caudate_basal_ganglia	COVAR	True	8.7818e-12	54	0.000925925925925926	5.927715e-11	True	True	8.0	0.066646	True	True	True
EUR	SCZ	SCZ	EUR/SCZ	SCZ	inferred_exact	SCZ	strict_path_allowlist	gtex_v8_specific_tissue	/home/ec2-user/project2/RESULTS/FUMA/FUMA/EUR/SCZ/magma_exp_gtex_v8_ts_avg_log2TPM.gsa.out	Brain_Cerebellar_Hemisphere	COVAR	17211	0.074842	0.14999	0.0076537	8.0591e-23	Brain_Cerebellar_Hemisphere	COVAR	True	8.0591e-23	54	0.000925925925925926	3.6258299999999996e-21	True	True	1.0	0.074842	True	True	True
EUR	SCZ	SCZ	EUR/SCZ	SCZ	inferred_exact	SCZ	strict_path_allowlist	gtex_v8_specific_tissue	/home/ec2-user/project2/RESULTS/FUMA/FUMA/EUR/SCZ/magma_exp_gtex_v8_ts_avg_log2TPM.gsa.out	Brain_Cerebellum	COVAR	17211	0.076704	0.15206	0.0078863	1.3429e-22	Brain_Cerebellum	COVAR	True	1.3429e-22	54	0.000925925925925926	3.6258299999999996e-21	True	True	2.0	0.076704	True	True	True
EUR	SCZ	SCZ	EUR/SCZ	SCZ	inferred_exact	SCZ	strict_path_allowlist	gtex_v8_specific_tissue	/home/ec2-user/project2/RESULTS/FUMA/FUMA/EUR/SCZ/magma_exp_gtex_v8_ts_avg_log2TPM.gsa.out	Brain_Cortex	COVAR	17211	0.078525	0.14299	0.0089564	1.0039e-18	Brain_Cortex	COVAR	True	1.0039e-18	54	0.000925925925925926	1.3552649999999999e-17	True	True	4.0	0.078525	True	True	True
EUR	SCZ	SCZ	EUR/SCZ	SCZ	inferred_exact	SCZ	strict_path_allowlist	gtex_v8_specific_tissue	/home/ec2-user/project2/RESULTS/FUMA/FUMA/EUR/SCZ/magma_exp_gtex_v8_ts_avg_log2TPM.gsa.out	Brain_Frontal_Cortex_BA9	COVAR	17211	0.078606	0.14461	0.0086423	5.2549e-20	Brain_Frontal_Cortex_BA9	COVAR	True	5.2549e-20	54	0.000925925925925926	9.45882e-19	True	True	3.0	0.078606	True	True	True
EUR	SCZ	SCZ	EUR/SCZ	SCZ	inferred_exact	SCZ	strict_path_allowlist	gtex_v8_specific_tissue	/home/ec2-user/project2/RESULTS/FUMA/FUMA/EUR/SCZ/magma_exp_gtex_v8_ts_avg_log2TPM.gsa.out	Brain_Hippocampus	COVAR	17211	0.071631	0.12113	0.010027	4.7333e-13	Brain_Hippocampus	COVAR	True	4.7333e-13	54	0.000925925925925926	4.25997e-12	True	True	6.0	0.071631	True	True	True
EUR	SCZ	SCZ	EUR/SCZ	SCZ	inferred_exact	SCZ	strict_path_allowlist	gtex_v8_specific_tissue	/home/ec2-user/project2/RESULTS/FUMA/FUMA/EUR/SCZ/magma_exp_gtex_v8_ts_avg_log2TPM.gsa.out	Brain_Hypothalamus	COVAR	17211	0.068002	0.11684	0.010225	1.5071e-11	Brain_Hypothalamus	COVAR	True	1.5071e-11	54	0.000925925925925926	8.13834e-11	True	True	10.0	0.068002	True	True	True
EUR	SCZ	SCZ	EUR/SCZ	SCZ	inferred_exact	SCZ	strict_path_allowlist	gtex_v8_specific_tissue	/home/ec2-user/project2/RESULTS/FUMA/FUMA/EUR/SCZ/magma_exp_gtex_v8_ts_avg_log2TPM.gsa.out	Brain_Nucleus_accumbens_basa...	COVAR	17211	0.067189	0.11641	0.0095645	1.1146e-12	Brain_Nucleus_accumbens_basal_ganglia	COVAR	True	1.1146e-12	54	0.000925925925925926	8.598342857142856e-12	True	True	7.0	0.067189	True	True	True
EUR	SCZ	SCZ	EUR/SCZ	SCZ	inferred_exact	SCZ	strict_path_allowlist	gtex_v8_specific_tissue	/home/ec2-user/project2/RESULTS/FUMA/FUMA/EUR/SCZ/magma_exp_gtex_v8_ts_avg_log2TPM.gsa.out	Brain_Putamen_basal_ganglia	COVAR	17211	0.061681	0.10483	0.0099754	3.2158e-10	Brain_Putamen_basal_ganglia	COVAR	True	3.2158e-10	54	0.000925925925925926	1.5786654545454545e-09	True	True	11.0	0.061681	True	True	True
EUR	SCZ	SCZ	EUR/SCZ	SCZ	inferred_exact	SCZ	strict_path_allowlist	gtex_v8_specific_tissue	/home/ec2-user/project2/RESULTS/FUMA/FUMA/EUR/SCZ/magma_exp_gtex_v8_ts_avg_log2TPM.gsa.out	Brain_Spinal_cord_cervical_c...	COVAR	17211	0.048335	0.086741	0.010886	4.5232e-06	Brain_Spinal_cord_cervical_c-1	COVAR	True	4.5232e-06	54	0.000925925925925926	1.7446628571428575e-05	True	True	14.0	0.048335	True	True	True
EUR	SCZ	SCZ	EUR/SCZ	SCZ	inferred_exact	SCZ	strict_path_allowlist	gtex_v8_specific_tissue	/home/ec2-user/project2/RESULTS/FUMA/FUMA/EUR/SCZ/magma_exp_gtex_v8_ts_avg_log2TPM.gsa.out	Brain_Substantia_nigra	COVAR	17211	0.052719	0.090626	0.010832	5.7154e-07	Brain_Substantia_nigra	COVAR	True	5.7154e-07	54	0.000925925925925926	2.3740892307692304e-06	True	True	13.0	0.052719	True	True	True
EUR	SCZ	SCZ	EUR/SCZ	SCZ	inferred_exact	SCZ	strict_path_allowlist	gtex_v8_specific_tissue	/home/ec2-user/project2/RESULTS/FUMA/FUMA/EUR/SCZ/magma_exp_gtex_v8_ts_avg_log2TPM.gsa.out	Pituitary	COVAR	17211	0.06076	0.11303	0.011217	3.0792e-08	Pituitary	COVAR	True	3.0792e-08	54	0.000925925925925926	1.3856400000000002e-07	True	True	12.0	0.06076	True	True	True
